id	ids	emo_1	conv_1	emo_2	conv_2	emo_3	conv_3	emo_4	conv_4	emo_5	conv_5
dagstuhl-10	0,1	0	0	"0
2"	"0
2"	"0
2"	"0
1
2"	"0
1"	"0
1"	"1. 0
2. 2"	"0
2"
dagstuhl-10	0,2	"0
1"	"0
1"	"0
1"	"0
1"	"0
2"	"0
1"	"0
1"	"0
1"	0	"0
2"
dagstuhl-10	1,3	"0
1
2"	"0
1"	"0
1"	0	"0
2"	"0
1"	0	"0
2"	"0
1
2"	"0
1
2"
dagstuhl-10	2,3	"0
1"	0	"1 (2)
2 (1)"	"0
1"	0	"0
2"	0	"0
1"	"0
2"	"0
2"
dagstuhl-102	0,2	"1. 0
2. 1"	"0
2"	"1. 1
2. 0"	0	"0
2"	"0
2"	0	0	0	"0
2"
dagstuhl-102	1,0	"Argument 1: 2
Argument 2"	0	0	0	"Argument 1: 2
Argument 2"	0	"1
2"	"Argument 1: 0
Argument 2"	"1. 2
2. 1"	"0
2"
dagstuhl-102	1,3	0	"0
2"	"0
2"	0	"Argument 1: 2
Argument 2"	"Argument 1:
2

Argument 2:"	"0
2"	"0
2"	"1. 2
2. 1"	"0
1"
dagstuhl-102	2,3	"0
1"	"0
1"	0	"0
2"	"0
2"	"0
1"	"0
1"	"0
1"	"0
1"	0
dagstuhl-103	0,2	"1. 1
2. 2"	0	"0
1"	"0
1"	0	0	0	0	0	0
dagstuhl-103	1,0	0	0	"1
2"	"Argument 1: 2
Argument 2"	0	"0
1"	"0
1"	"0
1"	0	0
dagstuhl-103	1,3	"Argument 1: 1
Argument 2"	"0
1"	0	"0
2"	0	"Argument 1:
0
Argument 2:"	0	0	"1. 0
2. 1"	"Argument 1:
0
Argument 2:"
dagstuhl-103	2,3	"0
1"	0	0	"0
2"	"0
2"	0	"0
2"	0	"0
2"	0
dagstuhl-110	0,1	"1. 1
2. 0"	"0
2"	0	"0
1"	"0
2"	0	"1. 0
2. 1"	"0
1"	0	0
dagstuhl-110	0,2	"0
1"	"0
2"	"0
2"	"Argument 1: 0
Argument 2"	"1. 0
2. 2"	"0
2"	0	"0
1"	"0
1
2"	"0
1
2"
dagstuhl-110	1,3	"0
2"	0	"0
2"	"0
1"	0	"0
1"	0	"0
2"	0	0
dagstuhl-110	2,3	"0
2"	"0
2"	"0
1"	"0
1
2"	0	"0
2"	"0
1"	0	"0
2"	"0
2"
dagstuhl-116	0,2	"0
1"	"0
1"	0	"0
1"	"1. 2
2. 0"	"0
2"	"0
2"	"Argument 1: 2
Argument 2"	"0
1"	"Argument 2
0"
dagstuhl-116	1,0	0	0	"1 (2)
0"	0	"0
1"	"0
1"	0	0	"1 (2)
2 (1)"	0
dagstuhl-116	1,3	"0
2"	"Argument 1: 2
Argument 2"	"0
1"	"0
1"	"0
2"	0	"1. 0
2. 2"	"0
1"	"0
2"	0
dagstuhl-116	2,3	0	"0
2"	"0
2"	0	"1. 0
2. 1"	0	"0
1"	"0
2"	0	0
dagstuhl-12	0,1	"0
1"	"0
1"	0	"0
1
2"	"0
1"	"Argument 1: 0
Argument 2"	0	"0
1"	"0
2"	"0
2"
dagstuhl-12	0,2	0	"0
2"	"0
2"	"0
1"	"0
1"	"0
2"	0	"0
1"	"0
2"	"0
1"
dagstuhl-12	1,3	0	"0
2"	0	"0
2"	"0
1"	"0
1"	"0
1"	"0
2"	"0
1"	"0
1"
dagstuhl-12	2,3	0	"0
1"	0	"0
1
2"	"1. 1
2. 0"	"0
2"	0	"0
2"	0	0
dagstuhl-14	0,2	0	0	"0
2"	"0
2"	0	"0
2"	"0
1
2"	"0
1
2"	"0
1
2"	"0
2"
dagstuhl-14	1,0	"0
2"	"0
1
2"	0	"0
2"	0	"0
1"	"0
2"	0	"1. 0
2. 2"	"0
1"
dagstuhl-14	1,3	"1. 0
2. 1"	"0
1
2"	"0
2"	"0
2"	"0
2"	"Argument 1: 0
Argument 2"	"0
1
2"	"0
2"	"0
1"	"0
2"
dagstuhl-14	2,3	0	"0
2"	0	"0
1
2"	"1. 2
2. 0"	"0
1"	"1. 0
2. 1"	0	0	"0
2"
dagstuhl-17	0,1	0	"0
1"	0	"0
2"	"0
1"	"0
1"	0	"Argument 1: 0
Argument 2"	"0
1"	"0
1"
dagstuhl-17	0,2	"1. 2
2. 1"	"0
1"	0	"0
2"	"0
1
2"	0	"0
2"	"0
1"	0	"0
2"
dagstuhl-17	1,3	"0
1"	"0
2"	0	"0
1"	0	"0
1
2"	"0
1"	"Argument 1: 0
Argument 2"	"0
1
2"	"0
2"
dagstuhl-17	2,3	"0
2"	0	"0
1"	0	0	"0
1"	0	"0
1"	"0
1"	"0
2"
dagstuhl-189	0,2	0	"0
1"	"0
2"	"0
1"	0	"0
1"	"0
1
2"	"0
1"	"0
2"	0
dagstuhl-189	1,0	"0
1"	"Argument 1: 1
Argument 2"	0	"0
1"	"0
1"	"0
1"	"Argument 1: 2
Argument 2"	"Argument 1: 1
Argument 2"	"Argument 1: 1
Argument 2"	"Argument 1: 0
Argument 2"
dagstuhl-189	1,3	"Argument 1: 0
Argument 2"	"0
2"	"Argument 1: 0
Argument 2"	"Argument 1: 0
Argument 2"	"Argument 1: 0
Argument 2"	"0
1
2"	"Argument 1: 0
Argument 2"	"Argument 1: 2
Argument 2"	"1. 0
2. 1"	"0
2"
dagstuhl-189	2,3	"0
2"	"Argument 1: 2
Argument 2"	"0
2"	"Argument 1:
0
Argument 2:"	"Argument 1: 2
Argument 2"	"Argument 1: 0
Argument 2"	0	"Argument 1: 2
Argument 2"	0	0
dagstuhl-193	0,2	0	"0
2"	"1. 0
2. 2"	0	0	0	"0
2"	"0
1"	0	"0
1
2"
dagstuhl-193	1,0	0	"Argument 1: 1
Argument 2"	"0
1"	"0
2"	"0
2"	"0
2"	"0
2"	"0
1"	"Argument 1: 0
Argument 2"	"0
1"
dagstuhl-193	1,3	"Argument 1: 1
Argument 2"	"Argument 1: 0
Argument 2"	"1. 0
2. 2"	"Argument 1: 0
Argument 2"	"Argument 1: 1
Argument 2"	"0
1"	"Argument 1: 0
Argument 2"	"0
1"	"Argument 1: 0
Argument 2"	"0
1"
dagstuhl-193	2,3	0	0	"Argument 1: 2
Argument 2"	"Argument 1: 2
Argument 2"	"0
1"	0	"0
1"	"Argument 1: 2
Argument 2"	"Argument 1: 2
Argument 2"	"0
2"
dagstuhl-195	0,1	"0
1"	"0
1"	0	"0
1"	"0
2"	"0
1"	0	"0
1"	"0
1
2"	"0
2"
dagstuhl-195	0,2	"0
1
2"	0	0	"0
1"	"0
2"	"0
1"	0	0	"0
2"	"0
1"
dagstuhl-195	1,3	"0
2"	"Argument 1: 0
Argument 2"	"Argument 1: 0
Argument 2"	"0
1"	0	"Argument 1: 0
Argument 2"	0	"0
2"	"Argument 1: 0
Argument 2"	"Argument 1: 0
Argument 2"
dagstuhl-195	2,3	0	"Argument 1: 1
Argument 2"	"Argument 1: 2
Argument 2"	"Argument 1: 0
Argument 2"	0	"0
2"	"0
1"	"0
1"	"0
1"	"0
1"
dagstuhl-197	0,1	"1 (1)
2"	0	"0
2"	0	"0
1"	"0
2"	"1. 0
2. 2"	"0
1"	"0
1
2"	0
dagstuhl-197	0,2	"0
2"	0	0	"0
1
2"	0	0	"1. 0
2. 2"	0	0	0
dagstuhl-197	1,3	0	0	0	"Argument 1:
0

Argument 2:"	"1. 1
2. 2"	0	"0
1"	0	"1 (1)
2 (2)"	"0
1"
dagstuhl-197	2,3	"0
2"	"0
2"	"1. 2
2. 0"	0	0	0	0	0	0	0
dagstuhl-198	0,1	"0
1"	"0
1"	0	"0
2"	"0
2"	"0
2"	0	"0
1"	"0
2"	0
dagstuhl-198	0,2	0	0	"1. 2
2. 1"	"0
1
2"	0	"0
1"	"0
1"	"0
1"	"0
2"	"0
1"
dagstuhl-198	1,3	"0
1"	"0
1"	"0
1"	"0
1"	0	"Argument 1: 0
Argument 2"	"Argument 1: 2
Argument 2"	"0
1"	"Argument 1: 2
Argument 2"	"0
1"
dagstuhl-198	2,3	0	0	"0
2"	"0
1"	"0
2"	0	"0
2"	"Argument 1: 0
Argument 2"	"0
2"	"0
2"
dagstuhl-202	0,2	0	"0
2"	"0
2"	"0
1"	0	0	0	"0
1"	0	0
dagstuhl-202	1,0	0	"0
1"	0	0	"0
2"	0	0	"0
1"	0	"0
2"
dagstuhl-202	1,3	"0
2"	"0
2"	"0
2"	0	0	"0
2"	"0
1"	"0
2"	"0
2"	"0
2"
dagstuhl-202	2,3	0	0	"1. 0
2. 1"	"0
1"	0	"0
2"	"0
2"	"0
2"	"0
2"	0
dagstuhl-203	0,1	0	"0
2"	"0
2"	0	"0
1
2"	"0
2"	"0
2"	"0
1"	"1. 0
2. 2"	0
dagstuhl-203	0,2	0	"0
2"	"0
2"	"0
2"	0	"0
1"	"0
1"	"0
1"	"1. 0
2. 1"	0
dagstuhl-203	1,3	0	"0
2"	"1. 2
2. 0"	0	"0
2"	"0
1"	"0
2"	"0
1"	0	"0
1"
dagstuhl-203	2,3	0	"0
1"	"0
1"	"0
1"	"0
2"	"0
1"	"1. 0
2. 1"	"0
2"	"0
2"	0
dagstuhl-204	0,1	"0
2"	"0
1"	0	"0
1"	0	"0
1"	"1. 2
2. 0"	"Argument 1: 0
Argument 2"	0	"0
1"
dagstuhl-204	0,2	0	0	0	"0
1"	0	"0
1"	0	"0
1"	0	"0
1"
dagstuhl-204	1,3	0	"0
1"	"1. 0
2. 2"	"0
1"	"0
2"	"0
2"	"0
2"	"0
1"	"1. 0
2. 1"	"0
1"
dagstuhl-204	2,3	"0
2"	0	0	"1. 1
2. 0"	"0
2"	"0
2"	0	0	"1. 2
2. 1"	"0
2"
dagstuhl-205	0,1	0	"0
2"	"0
1"	"Argument 1: 0
Argument 2"	"0
1"	"0
2"	0	"0
2"	"0
1"	"0
2"
dagstuhl-205	0,2	"1
2"	0	"0
2"	"0
2"	"0
1"	"0
1"	"0
2"	0	"Argument 1: 2
Argument 2"	"0
2"
dagstuhl-205	1,3	"0
2"	"0
2"	"0
2"	"0
1"	"1. 1
2. 0"	"0
1"	"0
2"	0	"0
2"	"0
1"
dagstuhl-205	2,3	0	"0
2"	0	"0
2"	"1. 1
2. 0"	"0
1"	0	"0
1"	"0
1"	"0
1"
dagstuhl-206	0,1	"1. 2
2. 1"	"0
2"	"1
2"	"0
2"	"0
1"	"0
2"	"Argument 1: 2
Argument 2"	"0
1"	"0
1"	"0
1"
dagstuhl-206	0,2	"0
1"	"0
2"	"0
1"	"0
1"	"0
1"	"0
1"	"0
2"	"Argument 1: 0
Argument 2"	"1: 1
2: 0"	"0
1"
dagstuhl-206	1,3	"0
1"	"0
2"	"0
2"	"0
1"	"0
2"	"0
1"	0	"Argument 1: 0
Argument 2"	0	0
dagstuhl-206	2,3	"0
2"	"0
1"	"0
1"	"0
2"	"0
2"	"0
2"	0	"0
1"	"0
1"	"0
2"
dagstuhl-216	0,1	"0
2"	"0
1"	"1. 0
2. 2"	0	0	"Argument 1: 0
Argument 2"	"0
2"	0	"1. 0
2. 2"	"0
1"
dagstuhl-216	0,2	"0
1"	"0
2"	"0
2"	"0
2"	0	"0
1"	0	"Argument 1: 2
Argument 2"	"1. 0
2. 1"	"Argument 1: 0
Argument 2"
dagstuhl-216	1,3	"1
2"	"0
1"	"0
1"	"0
2"	"0
2"	"0
2"	"0
1"	"0
2"	"0
1"	"0
2"
dagstuhl-216	2,3	"0
1"	"Argument 1: 1
Argument 2"	"1 (Argument 1)
2 (Argument"	"0
2"	"0
2"	"0
2"	"0
1"	"0
2"	"0
2"	"0
2"
dagstuhl-218	0,1	0	0	"1. 1
2. 0"	0	"1. 1
2. 0"	0	0	"0
2"	"0
2"	"0
2"
dagstuhl-218	0,2	0	0	"0
1
2"	"0
1"	"0
2"	"0
1"	"1 (Argument 1)
2 (Argument"	"0
1"	"0
1"	"0
1
2"
dagstuhl-218	1,3	"1. 0
2. 1"	"0
1"	"1: 0
2: 2"	"0
2"	0	"0
1"	"0
2"	"0
2"	"0
1"	"0
2"
dagstuhl-218	2,3	0	"0
2"	"1. 1
2. 0"	"0
1"	"0
2"	"0
1"	0	"0
2"	"1. 0
2. 2"	0
dagstuhl-221	0,1	0	"0
2"	"0
2"	0	0	0	"0
1"	"0
1"	"1. 0
2. 1"	"0
2"
dagstuhl-221	0,2	"0
1
2"	"0
1"	"1 (Argument 1)
2 (Argument"	"0
1"	"0
2"	0	"0
1
2"	"0
2"	"1. 0
2. 1"	"0
1
2"
dagstuhl-221	1,3	0	"0
2"	0	"0
1"	"0
2"	"0
2"	"0
2"	0	"0
2"	"0
1"
dagstuhl-221	2,3	0	0	"0
1"	"0
2"	0	0	0	0	"1. 0
2. 1"	"0
1"
dagstuhl-223	0,2	"1 (Argument 1)
2 (Argument"	"0
2"	"1. 0
2. 2"	0	"0
2"	"0
1"	"0
1"	0	"0
2"	"0
2"
dagstuhl-223	1,0	"0
2"	"Argument 1: 0
Argument 2"	"0
2"	"Argument 1: 0
Argument 2"	"0
1
2"	"Argument 1: 2
Argument 2"	"0
2"	"0
2"	"0
2"	"0
1"
dagstuhl-223	1,3	"0
1"	0	0	"0
1"	0	"Argument 1:
2

Argument 2:"	"Argument 1: 2
Argument 2"	"Argument 1: 2
Argument 2"	"0
1"	"Argument 1: 2
Argument 2"
dagstuhl-223	2,3	0	0	0	"0
1"	"0
1"	"0
2"	0	"0
2"	0	0
dagstuhl-224	0,2	0	0	"1
2"	0	"0
2"	0	"1. 0
2. 2"	"0
2"	"Argument 1: 2
Argument 2"	"0
2"
dagstuhl-224	1,0	"0
2"	0	"1. 0
2. 1"	"0
2"	"0
2"	"0
2"	"0
2"	"Argument 1: 0
Argument 2"	0	"0
1
2"
dagstuhl-224	1,3	"1 (2)
2 (1)"	"0
1"	"1. 0
2. 1"	"Argument 1: 0
Argument 2"	0	"Argument 1: 2
Argument 2"	"1 (Argument 1)
2 (Argument"	"0
2"	"0
1"	"0
1"
dagstuhl-224	2,3	"0
1
2"	"Argument 1:
0
Argument 2"	"0
2"	"0
2"	"0
2"	"0
2"	0	"0
1
2"	0	"0
2"
dagstuhl-225	0,1	"1. 0
2. 1"	0	0	"0
1"	"0
1
0"	"0
1"	0	0	0	"0
2"
dagstuhl-225	0,2	0	0	"1. 1
2. 0"	"0
1"	"1. 0
2. 1"	0	"1. 0
2. 1"	0	"1. 2
2. 0"	0
dagstuhl-225	1,3	0	"0
1"	"1. 0
2. 2"	"0
1
2"	"0
2"	"0
1"	0	"Argument 1: 0
Argument 2"	0	0
dagstuhl-225	2,3	"0
2"	"Argument 1: 2
Argument 2"	"0
2"	"0
1"	"0
2"	"0
1"	"0
1"	"0
1"	0	0
dagstuhl-226	0,1	"0
1"	"0
1"	"1. 0
2. 1"	"0
1"	"1. 0
2. 1"	0	"0
2"	"0
1"	"1. 0
2. 2"	"0
1"
dagstuhl-226	0,2	"1. 0
2. 2"	"Argument 1: 0
Argument 2"	"1. 0
2. 2"	0	"1. 0
2. 2"	"1. 1
2. 0"	0	"Argument 1: 0
Argument 2"	"1. 0
2. 1"	"Argument 1: 1
Argument 2"
dagstuhl-226	1,3	"Argument 1: 0
Argument 2"	"0
1"	"0
1"	"0
2"	"0
1"	"0
1"	"0
2"	"0
1"	"0
1"	"0
2"
dagstuhl-226	2,3	"1 (Argument 1)
2 (Argument"	"0
2"	"0
1"	"0
1"	0	0	0	"0
2"	"0
1"	"0
2"
dagstuhl-227	0,1	0	"Argument 1:
1
Argument 2:"	"Argument 1: 2
Argument 2"	"0
1"	"0
1"	"Argument 1:
0
Argument 2:"	"1. 1
2. 0"	"Argument 1:
2

Argument 2:"	"Argument 1: 2
Argument 2"	"0
2"
dagstuhl-227	0,2	0	"Argument 1: 2
Argument 2"	0	0	"1. 2
2. 0"	0	"1. 0
2. 2"	0	"0
1"	"Argument 1: 0
Argument 2"
dagstuhl-227	1,3	"Argument 1: 2
Argument 2"	"0
1"	0	"Argument 1: 0
Argument 2"	"Argument 1: 0
Argument 2"	"Argument 1: 0
Argument 2"	"Argument 1: 2
Argument 2"	"Argument 1:
0
Argument 2:"	"Argument 1: 2
Argument 2"	"Argument 1:
0
Argument 2:"
dagstuhl-227	2,3	0	"0
1"	"Argument 1: 2
Argument 2"	"0
1"	"0
1"	0	"Argument 1: 2
Argument 2"	"0
1"	"0
1"	0
dagstuhl-23	0,2	"0
2"	"0
1"	0	"0
2"	0	"0
2"	"1 (Argument 1)
2 (Argument"	0	"0
2"	"0
2"
dagstuhl-23	1,0	"0
2"	"0
1"	"1. 1
2. 0"	"0
2"	"0
1"	"0
2"	"0
2"	"0
1"	"1 (1)
2 (1)"	0
dagstuhl-23	1,3	"0
1"	"0
1"	"1. 0
2. 1"	"0
1"	"0
1"	"0
1"	"0
2"	"0
1"	"0
1"	"0
1"
dagstuhl-23	2,3	"1. 1
2. 0"	"0
1"	0	"0
1"	"0
1
2"	0	"0
1"	"0
2"	0	0
dagstuhl-230	0,2	"1. 1
2. 0"	"0
2"	"0
2"	0	"1. 2
2. 1"	"0
1"	"0
1
2"	"1. 0
2. 2"	"0
2"	0
dagstuhl-230	1,0	0	"0
2"	0	"0
2"	"Argument 1: 2
Argument 2"	"0
2"	0	"Argument 1: 0
Argument 2"	"1. 2
2. 0"	"0
1"
dagstuhl-230	1,3	"0
1
2"	"0
2"	0	"0
2"	"1. 0
2. 1"	"0
1"	0	"0
1"	"1. 0
2. 1"	"0
1"
dagstuhl-230	2,3	"0
1"	"0
1"	"0
1"	"0
1"	0	"Argument 1: 0
Argument 2"	"0
1"	0	"0
1"	"Argument 1: 0
Argument 2"
dagstuhl-231	0,2	"0
2"	"Argument 1: 1
Argument 2"	"0
1"	"0
1"	"0
2"	"Argument 1: 0
Argument 2"	"1. 0
2. 2"	0	0	0
dagstuhl-231	1,0	"Argument 1: 2
Argument 2"	"Argument 1: 0
Argument 2"	"1
2"	"Argument 1: 1
Argument 2"	"0
2"	"Argument 1: 2
Argument 2"	"Argument 1: 2
Argument 2"	"Argument 1: 1
Argument 2"	"Argument 1: 1
Argument 2"	"0
1"
dagstuhl-231	1,3	"Argument 2
2"	"Argument 1: 2
Argument 2"	"Argument 1: 2
Argument 2"	"Argument 1: 2
Argument 2"	"Argument 1: 2
Argument 2"	"0
1"	"Argument 1: 1
Argument 2"	0	"0
2"	"Argument 1: 0
Argument 2"
dagstuhl-231	2,3	"Argument 1: 2
Argument 2"	0	0	0	"0
2"	"0
1"	"1. 0
2. 1"	"0
1"	"1. 1
2. 0"	0
dagstuhl-24	0,2	"0
2"	0	"0
2"	"0
1"	"1. 2
2. 0"	"0
2"	"0
2"	"0
2"	"0
2"	"0
2"
dagstuhl-24	1,0	0	0	"0
1"	"0
1"	"1
2"	"0
1"	"0
1"	"0
1"	"0
1"	"0
1"
dagstuhl-24	1,3	"0
2"	"0
2"	0	"0
1"	"0
1"	0	0	0	0	"0
1"
dagstuhl-24	2,3	0	"0
1"	"0
2"	0	0	"0
1"	0	"0
1"	0	"0
2"
dagstuhl-247	0,1	"Argument 1: 1
Argument 2"	"Argument 1:
0
Argument 2"	"Argument 1: 1
Argument 2"	"0
2"	"0
2"	"Argument 1: 0
Argument 2"	"Argument 1: 1
Argument 2"	0	"Argument 1: 1
Argument 2"	"Argument 1:
1
Argument 2"
dagstuhl-247	0,2	"0
1"	"0
1"	0	"0
1"	"0
1"	"0
2"	0	"0
2"	"0
1"	"0
2"
dagstuhl-247	1,3	"0
1"	"0
1"	"1. 0
2. 1"	"Argument 1: 0
Argument 2"	0	0	0	"0
1"	"0
2"	"0
2"
dagstuhl-247	2,3	"0
1"	0	"1. 2
2. 0"	0	0	"0
1"	"1. 0
2. 2"	"0
1"	"0
1
2"	"0
1"
dagstuhl-248	0,1	"0
2"	0	"0
2"	"0
1"	"1. 0
2. 1"	"0
1
2"	"0
2"	"0
1"	"0
2"	0
dagstuhl-248	0,2	0	"0
1"	0	"0
1"	"1. 1
2. 2"	"0
2"	0	"0
2"	0	0
dagstuhl-248	1,3	"0
1"	0	"0
2"	0	"0
1"	"0
1"	0	"0
1"	"0
1"	0
dagstuhl-248	2,3	0	"0
2"	"0
1"	0	0	"0
1
2"	0	"0
1
2"	0	"0
2"
dagstuhl-249	0,1	"1. 0
2. 2"	"0
1"	"0
2"	"0
1"	"0
2"	0	"0
2"	0	0	"0
1
2"
dagstuhl-249	0,2	0	"0
1"	"0
1
2"	0	"0
1
2"	"0
1"	"0
2"	"0
1
2"	"0
2"	0
dagstuhl-249	1,3	0	"0
1"	0	"0
1"	0	"0
2"	0	"0
2"	"1 (Argument 1)
2 (Argument"	0
dagstuhl-249	2,3	"0
1"	"0
1"	"0
1"	"0
2"	"0
2"	"0
2"	"0
1"	0	"0
2"	"0
1"
dagstuhl-25	0,2	"0
1
2"	"0
2"	"0
1"	"0
1"	"0
1"	0	"1 (Argument 1)
2 (Argument"	"0
2"	"1: 2
2: 1"	"Argument 1: 2
Argument 2"
dagstuhl-25	1,0	"1. 1
2. 2"	"0
1"	"0
1"	0	"1. 0
2. 1"	"0
2"	"0
1"	"0
1"	0	"0
1
2"
dagstuhl-25	1,3	"1. 0
2. 1"	"0
1"	0	"0
1"	"1. 1
2. 0"	"0
2"	"0
1"	"0
1"	"0
1"	"0
1"
dagstuhl-25	2,3	"0
2"	"Argument 1: 1
Argument 2"	"0
2"	"0
1"	0	0	0	"0
1"	"0
1"	"0
2"
dagstuhl-250	0,1	"0
1"	"0
2"	"0
1
2"	"Argument 1: 0
Argument 2"	0	0	"0
2"	"0
1"	"0
1"	"0
1
2"
dagstuhl-250	0,2	0	0	0	"0
2"	0	0	"0
1"	"0
2"	"0
2"	"0
2"
dagstuhl-250	1,3	"0
1"	"0
2"	0	"0
1"	"Argument 1: 2
Argument 2"	0	"0
2"	"0
2"	"1. 2
2. 0"	"0
2"
dagstuhl-250	2,3	0	"0
1"	0	"0
2"	"0
2"	0	"0
2"	0	"1. 1
2. 0"	"0
2"
dagstuhl-251	0,2	0	"0
2"	"1: 2
2: 0"	"0
1"	0	"0
1"	0	"0
2"	"0
1"	"0
2"
dagstuhl-251	1,0	"Argument 1: 0
Argument 2"	"Argument 1: 0
Argument 2"	"0
2"	"0
2"	"0
1"	"0
2"	"0
1"	"0
1"	"Argument 2: 2
Argument 1"	"0
1"
dagstuhl-251	1,3	"Argument 1: 1
Argument 2"	"Argument 1:
1
Argument 2"	"Argument 1: 2
Argument 2"	"Argument 1: 1
Argument 2"	"Argument 2
Argument 1"	"Argument 1: 0
Argument 2"	"Argument 2: 2
Argument 1"	"0
1"	"0
1"	"Argument 1: 1
Argument 2"
dagstuhl-251	2,3	"0
2"	"0
2"	"0
1"	"0
1"	"Argument 1: 1
Argument 2"	"0
1"	0	"0
1"	"0
1"	"0
1"
dagstuhl-27	0,2	"0
1"	"0
2"	"1 (Argument 1)
2 (Argument"	"0
1"	0	"Argument 1: 1
Argument 2"	"0
2"	"0
1"	0	"0
1"
dagstuhl-27	1,0	0	0	"0
1"	0	0	"0
1"	"0
1"	"0
2"	"0
2"	"0
1"
dagstuhl-27	1,3	"0
1"	"0
2"	"Argument 1: 1
Argument 2"	"0
1
0"	"Argument 1:
0
Argument 2"	"0
1"	"Argument 1: 1
Argument 2"	"Argument 1: 0
Argument 2"	"0
1"	"0
2"
dagstuhl-27	2,3	0	"0
1"	"1
2"	"0
1"	"0
1"	"0
2"	"0
1"	"0
2"	"1. 1
2. 0"	"0
1"
dagstuhl-28	0,2	"1. 0
2. 1"	"0
2"	"0
1"	0	"0
2"	"0
1"	0	"0
2"	"1. 0
2. 1"	"0
2"
dagstuhl-28	1,0	0	"0
2"	"0
1"	"0
2"	"0
1"	"Argument 1: 2
Argument 2"	"Argument 1: 1
Argument 2"	"0
1"	"Argument 1:
0
Argument 2"	0
dagstuhl-28	1,3	"1. 0
2. 1"	"0
1"	"Argument 1: 2
Argument 2"	"0
1"	"1 (Argument 1)
2 (Argument"	"0
1"	"0
2"	"0
1"	"1. 0
2. 1"	"Argument 1: 0
Argument 2"
dagstuhl-28	2,3	"1. 0
2. 2"	"0
1"	"0
1"	"0
2"	"0
1"	0	"0
2"	"0
2"	"1 (1)
2 (0)"	0
dagstuhl-40	0,2	0	0	0	"0
2"	0	"0
2"	0	0	0	0
dagstuhl-40	1,0	0	0	"1
2"	0	0	"0
1"	0	"0
2"	0	0
dagstuhl-40	1,3	0	"Argument 1:
0
Argument 2"	"1. 2
2. 0"	0	"Argument 1: 2
Argument 2"	"0
1"	"0
2"	"Argument 1: 2
Argument 2"	"Argument 1: 2
Argument 2"	"Argument 1: 2
Argument 2"
dagstuhl-40	2,3	"0
1"	"0
2"	0	"0
2"	"1. 1
2. 0"	"0
2"	0	"Argument 1: 1
Argument 2"	"0
1"	"0
1"
dagstuhl-43	0,2	0	"0
1"	0	"0
1"	0	"0
1"	0	"0
2"	"0
2"	"0
1"
dagstuhl-43	1,0	"1. 0
2. 2"	"0
2"	"1. 0
2. 1"	"0
1"	0	"0
1"	0	"0
1"	0	"0
1
2"
dagstuhl-43	1,3	0	0	0	0	"0
2"	"0
1"	"0
1"	"0
1"	0	"0
2"
dagstuhl-43	2,3	"0
2"	"0
2"	"1: 2
2: 0"	"0
1"	"0
2"	"0
1"	0	0	0	"0
2"
dagstuhl-46	0,1	0	0	"1. 0
2. 1"	0	0	0	0	0	"1. 0
2. 1"	"0
2"
dagstuhl-46	0,2	"0
1
2"	0	"0
2"	"0
2"	0	0	"0
2"	0	"1. 1
2. 2"	0
dagstuhl-46	1,3	"1. 1
2. 2"	"0
1"	"0
2"	0	"1. 1
2. 2"	0	0	0	0	"0
1"
dagstuhl-46	2,3	"1. 2
2. 1"	0	0	0	0	0	0	"0
2"	0	0
dagstuhl-47	0,1	0	"0
1"	"0
2"	0	"1. 1
2. 0"	"0
1"	0	"0
1"	0	"0
1"
dagstuhl-47	0,2	0	0	0	"0
1"	0	0	0	0	0	0
dagstuhl-47	1,3	"0
2"	"0
1"	0	"0
2"	"Argument 1: 1
Argument 2"	0	0	"0
1"	"0
2"	"0
1"
dagstuhl-47	2,3	0	"0
1"	0	"0
2"	"0
1"	"0
1"	"0
1"	0	"0
2"	0
dagstuhl-49	0,1	0	"0
1"	0	"0
1"	0	0	0	0	"1
2"	"0
1"
dagstuhl-49	0,2	"0
1"	"0
1"	0	0	"1. 0
2. 2"	"0
2"	0	0	"1. 1
2. 2"	0
dagstuhl-49	1,3	"0
1"	"0
2"	0	0	0	"0
2"	"0
2"	0	0	0
dagstuhl-49	2,3	"0
2"	"0
2"	"1. 1
2. 0"	"0
1"	0	0	0	"0
1"	"0
2"	0
dagstuhl-5	0,2	0	0	"1. 1
2. 0"	0	0	0	"0
2"	"0
1
2"	"1. 0
2. 2"	0
dagstuhl-5	1,0	"1 (1)
2 (2)"	"0
1
2"	"0
1"	"0
1"	"0
2"	0	0	"0
1"	0	"0
1"
dagstuhl-5	1,3	0	"Argument 1: 1
Argument 2"	"1. 0
2. 1"	"0
2"	"0
1"	"Argument 1: 0
Argument 2"	"0
1"	0	"0
1"	"0
1
2"
dagstuhl-5	2,3	"0
1"	"0
1"	"0
1"	"0
1"	0	"0
1"	"1 (2)
2 (0)"	"0
1"	"0
1"	"0
2"
dagstuhl-56	0,1	"1. 2
2. 1"	"0
2"	"1 (2)
2 (1)"	"0
1
2"	0	"0
1"	"1. 1
2. 2"	0	"1. 2
2. 0"	"0
2"
dagstuhl-56	0,2	"0
1
2"	0	"1. 1
2. 2"	"0
1"	"1. 0
2. 1"	"0
1
0
2"	"1. 0
2. 1"	0	"0
2"	"0
1"
dagstuhl-56	1,3	0	"0
2"	0	"Argument 1: 0
Argument 2"	"0
1"	0	"1 (1)
2 (1)"	"0
1"	"0
1"	"0
1
0"
dagstuhl-56	2,3	0	"0
2"	"0
2"	"0
2"	0	"0
2"	0	"0
1"	"0
1"	0
dagstuhl-59	0,2	"0
2"	"0
1
2"	"0
2"	0	"0
2"	"0
2"	"0
1"	0	"0
2"	0
dagstuhl-59	1,0	"0
2"	"0
2"	0	0	"0
2"	"0
1"	0	"0
1"	0	"0
2"
dagstuhl-59	1,3	"0
2"	"0
1"	"1 (1)
2 (2)"	"0
1"	"0
1"	"Argument 1: 2
Argument 2"	"0
1"	"0
1"	"0
1
2"	0
dagstuhl-59	2,3	"0
2"	"0
1"	"0
2"	"0
2"	"0
2"	"0
1"	0	"0
2"	"0
2"	"0
1
2"
dagstuhl-60	0,2	"0
2"	"0
2"	"0
2"	"0
2"	0	"0
1"	0	"0
2"	0	"0
2"
dagstuhl-60	1,0	"0
2"	0	"1. 2
2. 0"	"0
2"	0	0	"0
2"	"0
2"	"0
2"	"0
2"
dagstuhl-60	1,3	0	"0
2"	"0
1"	"0
1"	"0
1"	"0
1
2"	0	"0
1"	"0
2"	0
dagstuhl-60	2,3	"0
1"	0	0	"0
2"	0	"0
1"	"0
1
2"	"Argument 1: 2
Argument 2"	"0
1"	"0
1
2"
dagstuhl-61	0,2	"Argument 1: 2
Argument 2"	0	"0
2"	0	0	"0
1"	"1. 1
2. 2"	0	"1. 0
2. 2"	"0
1"
dagstuhl-61	1,0	"Argument 1:
0
Argument 2:"	"Argument 1:
1
2"	"Argument 1: 2
Argument 2"	"Argument 1: 2
Argument 2"	"Argument 1: 2
Argument 2"	"Argument 1: 2
Argument 2"	"Argument 1: 1
Argument 2"	"Argument 1: 2
Argument 2"	"0
2"	"Argument 1: 2
Argument 2"
dagstuhl-61	1,3	"Argument 1: 2
Argument 2"	"Argument 1: 0
Argument 2"	"0
1"	"0
2"	"0
2"	"Argument 1: 0
Argument 2"	"0
1"	"Argument 1: 1
Argument 2"	"0
1"	"Argument 1: 2
Argument 2"
dagstuhl-61	2,3	"0
2"	0	0	"0
1"	"0
2"	"0
2"	0	"0
1"	"1. 1
2. 0"	"0
1"
dagstuhl-66	0,1	"1. 1
2. 0"	"0
2"	"0
2"	"Argument 1: 2
Argument 2"	"1. 1
2. 0"	0	"0
1"	0	0	"0
2"
dagstuhl-66	0,2	"0
1"	"0
2"	"1. 0
2. 2"	0	0	0	"0
1"	0	"1. 0
2. 1"	"Argument 1: 1
Argument 2"
dagstuhl-66	1,3	0	"0
1"	0	0	"0
2"	"0
2"	0	"0
2"	"0
2"	"0
1"
dagstuhl-66	2,3	"0
1"	"0
1
2"	"0
1
2"	0	"0
2"	"0
2"	"0
1"	"0
2"	"0
2"	"0
2"
dagstuhl-96	0,1	0	"0
2"	"1. 1
2. 0"	0	0	"0
1"	0	"0
1"	"0
2"	0
dagstuhl-96	0,2	0	"0
2"	0	"0
2"	0	0	0	"0
2"	"0
1"	"0
2"
dagstuhl-96	1,3	"1. 0
2. 2"	0	"0
1"	"0
2"	0	"0
1"	0	"0
2"	"1. 0
2. 2"	"0
2"
dagstuhl-96	2,3	"1. 0
2. 2"	0	0	"0
1"	"0
2"	0	"1. 0
2. 1"	"0
2"	"0
1"	0
defabel-113	0,1	"Here are the labels for each text:

Argument"	"0
1"	"0
1"	"0
1"	0	"0
1
2"	"0
1"	"Argument 1: 0
Argument 2"	0	"0
1"
defabel-113	0,2	0	"0
1"	"0
1"	0	0	"0
1"	0	"0
2"	"0
1
2"	0
defabel-113	1,3	"0
2"	"Argument 1: 0
Argument 2"	"0
1"	"0
1
2"	0	"0
2"	"0
2"	"0
1"	"0
1
2"	"0
1"
defabel-113	2,3	"0
2"	"0
1"	"0
2"	"0
2"	"0
1"	"0
2"	"0
2"	0	0	0
defabel-132	0,2	"1.  Argument 2
2."	0	0	0	0	"Argument 1: 0
Argument 2"	"0
1"	"Argument 1: 0
Argument 2"	"0
2"	0
defabel-132	1,0	0	"0
1"	0	"0
1"	"0
2"	"Argument 1: 0
Argument 2"	"0
0"	"Argument 1: 0
Argument 2"	0	"0
1
2"
defabel-132	1,3	"0
2"	"0
2"	0	0	0	0	0	"0
2"	0	"0
1"
defabel-132	2,3	0	"0
1"	"0
1"	"0
1"	0	"0
1"	"0
2"	0	0	0
defabel-168	0,2	0	"0
1"	"Here are the results:

1. 0"	0	0	"0
1"	"0
1"	"0
1"	"Here are the evaluation results:

0
1"	"0
1"
defabel-168	1,0	0	"0
1
2"	"0
1"	"0
1
2"	"0
1"	"0
1"	0	"0
1"	"0
2"	"0
1
2"
defabel-168	1,3	"0
1"	0	0	0	"0
1"	0	"Here are the evaluations:

Argument 1:
0"	0	0	"0
1
2"
defabel-168	2,3	"Here are the results:

1. 1"	"0
1"	"Here are the labels:

Argument 1:"	"0
1"	0	"0
1"	"0
1"	"0
2"	"0
1"	"0
1"
defabel-178	0,1	"0
1"	"0
1"	"0
2"	"0
1"	"0
2"	"0
1"	"1. 0
2. 1"	"0
1"	0	"0
1"
defabel-178	0,2	"Argument 1: 0
Argument 2"	0	Here are the two argumentative texts with the label	"0
2"	"Here are the results:

Argument 1:"	"0
1"	0	"0
1"	0	0
defabel-178	1,3	"1 (Argument 1)
2 (Argument"	"0
1"	"0
1"	"0
2"	"Here are the label options:

0
1"	"0
1"	"0
1"	"0
2"	"0
1"	"0
1"
defabel-178	2,3	0	"0
2"	"0
2"	0	"0
1"	"0
1"	Here are the labels for each pair of argumentative	0	0	"0
1"
defabel-202	0,2	0	0	0	"0
2"	"0
2"	"0
2"	0	"0
2"	0	0
defabel-202	1,0	"0
2"	0	"0
1"	"Argument 1: 0
Argument 2"	0	"0
1"	"0
2"	"Argument 1: 0
Argument 2"	"1.  Argument 1
2."	"Argument 1:
0
Argument 2"
defabel-202	1,3	"0
1"	"0
1"	"0
1"	"0
1"	0	"Argument 1:
0
Argument 2:"	"Argument 1: 2
Argument 2"	"0
1"	"1.  Argument 1
2."	"0
1"
defabel-202	2,3	"0
1"	"0
1"	"0
2"	"Argument 1: 0
Argument 2"	1.  2	"0
1"	0	"0
1"	"0
1"	"0
1"
defabel-21	0,1	"0
1"	"Argument 1: 0
Argument 2"	"0
1"	0	"0
1"	"0
1"	"0
2"	0	0	"0
1"
defabel-21	0,2	"0
2"	"0
1"	"Here are the two argumentative texts:

1."	"0
1"	"0
1"	"0
2"	"Here are the labels for each text:

Argument"	"0
1"	"0
1"	"Argument 1:
0
Argument 2"
defabel-21	1,3	0	"Argument 1: 0
Argument 2"	"0
2"	"0
1"	"0
2"	"0
1"	"0
1"	"0
1
2"	0	"0
1
2"
defabel-21	2,3	"0
1"	"Argument 1:
0
Argument 2"	0	"Argument 1: 2
Argument 2"	"Here are the labels:

0
1"	"Argument 1: 2
Argument 2"	Here are the evaluation labels for the two texts:	"Argument 1
0
Argument 2"	0	"0
2"
defabel-211	0,2	"Here are the evaluations:

0
1"	"0
1"	"0
1"	"0
1"	"0
2"	"Argument 1: 0
Argument 2"	"0
2"	"Argument 1: 0
Argument 2"	"1 (1)
2 (2)"	0
defabel-211	1,0	0	"0
1"	"1.  0
2."	0	"0
1"	"0
2"	"1.  0
2."	"0
1"	0	0
defabel-211	1,3	0	"0
2"	"0
2"	"0
1"	0	"Argument 1: 0
Argument 2"	0	"0
1"	0	"0
1"
defabel-211	2,3	"0
2"	0	"0
2"	0	"0
2"	"Argument 1: 0
Argument 2"	0	"Argument 1: 0
Argument 2"	"0
1"	"0
2"
defabel-216	0,1	"0
1
2"	"Argument 1: 0
Argument 2"	0	"0
1
2"	0	"Argument 1: 0
Argument 2"	"0
2"	"Argument 1:
0
Argument 2:"	"0
1"	"0
1"
defabel-216	0,2	"0
1"	"Argument 1: 1
Argument 2"	"Argument 1: 0
Argument 2"	"Argument 1:
0
Argument 2:"	0	"0
1
2"	"0
1"	"0
1
2"	0	"Argument 1: 0
Argument 2"
defabel-216	1,3	"0
1"	"0
1
2"	"0
2"	"0
2"	0	"0
1"	"Here are the two arguments:

Argument 1:"	"0
2"	"0
2"	0
defabel-216	2,3	"0
2"	"0
1"	"Here are the evaluation labels:

Argument 1:"	"0
1"	"Here are the labels:

1. Argument 1"	"Here are the evaluations:

Argument 1:
0"	"0
2"	"Here are the labels:

Argument 1:"	"0
2"	"0
1"
defabel-22	0,1	"0
2"	0	0	"Argument 1:
2

Argument 2:"	0	0	0	"0
1"	0	"0
1"
defabel-22	0,2	"0
1"	"0
2"	0	"0
2"	0	0	"0
1"	"Argument 1: 1
Argument 2"	0	0
defabel-22	1,3	0	"Argument 1: 0
Argument 2"	0	"0
1"	0	0	"0
1"	"0
1"	"0
1"	0
defabel-22	2,3	"1
2"	"Argument 1
2"	"0
1"	"0
2"	"0
2"	0	"0
1"	"0
1"	"0
2"	"0
1"
defabel-227	0,1	"0
1"	"Argument 1
Argument 2"	"0
2"	0	0	"0
1
2"	0	"0
1
2"	Here are the labels for the two argumentative texts	"0
2"
defabel-227	0,2	"0
1"	"0
1"	"0
2"	0	"Here are the two argumentative texts:

Argument"	"0
2"	"0
1"	"Here are the evaluation labels for each argument:

Argument"	"Here are the evaluation labels:

Argument 1:"	0
defabel-227	1,3	0	"Argument 1
2"	0	"0
2"	"1
2"	"Argument 1: 0
Argument 2"	"0
1"	"0
2"	"0
1"	0
defabel-227	2,3	"Argument 1:
2
Argument 2:"	"Argument 1
0
Argument 2"	"0
1"	"Argument 1: 0
Argument 2"	0	"Argument 1:
2

Argument 2:"	"Here are the results of the evaluation:

Argument"	"0
1"	"0
1"	"0
1
2"
defabel-301	0,2	0	"Argument 1: 0
Argument 2"	"0
1"	0	0	0	0	0	0	"0
1"
defabel-301	1,0	"0
1"	"0
1"	"0
1"	"0
1"	0	"0
1"	"0
2"	"Argument 1: 0
Argument 2"	"1.  Argument 1
2."	"0
1"
defabel-301	1,3	"0
2"	"0
2"	0	"0
1"	0	"0
2"	"0
2"	"0
2"	"0
1"	"0
1"
defabel-301	2,3	"0
1"	"0
2"	"0
1"	"0
2"	0	"0
1"	0	"0
2"	0	"0
1"
defabel-314	0,1	"0
2"	"0
1"	0	"Argument 1
0
Argument 2"	0	"Argument 1: 0
Argument 2"	"0
2"	"Argument 1: 0
Argument 2"	0	0
defabel-314	0,2	"0
2"	"0
2"	"1.  0
2."	"Argument 1:
0
Argument 2"	"0
1"	0	"0
1"	"0
2"	"0
1"	"0
2"
defabel-314	1,3	"0
2"	"Argument 1: 2
Argument 2"	0	"Argument 1: 0
Argument 2"	"0
1"	"0
1
2"	"0
1"	0	"0
2"	"Argument 1: 0
Argument 2"
defabel-314	2,3	"0
2"	"0
2"	"0
1"	"Argument 1:
0
Argument 2"	0	"0
1
2"	"Here are the evaluation results:

Argument 1:"	"Argument 1: 2
Argument 2"	"0
1"	"Argument 1: 0
Argument 2"
defabel-316	0,2	0	"0
1"	"0
1
2"	"0
2"	"0
2"	"Argument 1: 0
Argument 2"	"0
1
2"	"0
1"	"0
2"	"0
1"
defabel-316	1,0	"0
2"	"0
1"	"0
1"	"Argument 1:
0
Argument 2:"	"0
2"	0	0	"0
2"	0	0
defabel-316	1,3	"0
1"	"Argument 1: 0
Argument 2"	0	0	"1.  0
2."	"Argument 1: 0
Argument 2"	0	"0
1"	"0
2"	"Argument 1: 1
Argument 2"
defabel-316	2,3	"Here are the results:

1. 1"	"0
1
2"	"0
1"	"0
1"	0	"0
1"	"0
2"	"0
1"	"Here are the labels:

1. Argument 1"	"Argument 1: 2
Argument 2"
defabel-329	0,2	"0
2"	0	"0
1"	"0
1
2"	0	"0
2"	"0
1
2"	"Argument 1: 0
Argument 2"	"0
1"	0
defabel-329	1,0	0	"0
1
2"	"0
1"	"0
1
2"	"0
2"	"0
1"	"0
1"	"0
2"	0	"0
1
2"
defabel-329	1,3	"0
1"	"0
2"	"0
1"	"0
1"	"0
1"	"0
1"	"0
1"	"Argument 1: 0
Argument 2"	"0
2"	"0
2"
defabel-329	2,3	"0
1"	0	"1.  0
2."	"Argument 1: 0
Argument 2"	"0
2"	"0
1"	"0
2"	"0
1"	"0
1"	"0
1"
defabel-372	0,1	"0
1"	"Argument 1: 1
Argument 2"	"Argument 1: 0
Argument 2"	0	"Argument 1: 2
Argument 2"	"0
1"	"0
1
2"	"Argument 1:
0
Argument 2"	"Here are the evaluations:

Argument 1:"	0
defabel-372	0,2	"0
1
2"	"0
1"	"0
1"	"0
2"	0	"Argument 1: 0
Argument 2"	"0
1"	"Argument 1: 0
Argument 2"	"0
2"	"0
1"
defabel-372	1,3	"0
1"	"0
2"	0	"0
2"	"Here are the labels:

Argument 1:"	0	"0
2"	"0
1"	"1: 2
2: 1"	"0
1"
defabel-372	2,3	"0
2"	0	"0
1"	"0
1"	"0
1"	0	"0
1"	0	"Here are the results:

1. Argument 1"	0
defabel-393	0,2	"0
1"	"0
2"	0	"0
1"	"0
1"	"Argument 1
2"	"1.  Argument 1
2."	"Argument 1: 0
Argument 2"	"0
2"	0
defabel-393	1,0	"0
1"	0	"Here are the labels:

Argument 1:"	"0
1"	0	"Argument 1: 2
Argument 2"	"0
2"	"0
2"	0	"Argument 1: 0
Argument 2"
defabel-393	1,3	"Here are the labels for each text:

Argument"	"Argument 1: 2
Argument 2"	"Here are the results:

Argument 1:"	"Argument 1: 0
Argument 2"	"0
2"	0	"0
2"	"Argument 1:
2
Argument 2:"	"0
2"	"Argument 1
0
Argument 2"
defabel-393	2,3	"0
1"	"0
1
2"	"0
1"	"0
2"	"0
2"	"0
1"	"0
2"	"0
1
2"	0	"0
1"
defabel-415	0,2	0	"0
1"	0	"0
2"	"0
1"	"0
2"	0	"0
1"	0	"0
1"
defabel-415	1,0	"0
2"	0	0	"0
1"	"0
1"	"Argument 1: 0
Argument 2"	"Here are the results:

Argument 1:"	"0
1"	0	"0
1
2"
defabel-415	1,3	"0
2"	"0
2"	1.  2	"0
1
2"	"0
1"	"0
2"	Here are the two argumentative texts with the evaluation	"Argument 1: 0
Argument 2"	0	"0
2"
defabel-415	2,3	0	"0
1"	"0
2"	"0
1"	0	"0
2"	"0
1"	"0
1"	"0
1"	"0
1"
defabel-438	0,1	"0
1"	0	"0
2"	"0
1"	"0
1"	"0
1
2"	"0
2"	"Argument 1: 0
Argument 2"	0	"Argument 1:
0
Argument 2:"
defabel-438	0,2	0	"Here are my evaluations:

Argument 1:"	0	"0
1"	0	"0
2"	"Here are the labels:

Argument 1:"	"Argument 1: 0
Argument 2"	0	"0
1"
defabel-438	1,3	"Here are the evaluation labels:

Argument 1:"	"0
1
2"	"0
1"	"0
2"	"0
2"	"Argument 1:
0
Argument 2:"	"0
2"	"0
2"	"Argument 1: 2
Argument 2"	"0
2"
defabel-438	2,3	"1: 2
2: 0"	"Argument 1: 2
Argument 2"	0	"0
1"	"1.  1
2."	"Argument 1
2"	"1: 2
2: 1"	0	"0
1"	"Argument 1
2"
defabel-463	0,2	0	0	0	"Argument 1
2"	0	"Argument 1: 0
Argument 2"	0	"Argument 1:
0
Argument 2:"	"Argument 1: 1
Argument 2"	"Argument 1
0"
defabel-463	1,0	"0
2"	"Argument 1: 0
Argument 2"	"Argument 1: 1
Argument 2"	"Argument 1: 0
Argument 2"	"Argument 1: 2
Argument 2"	"Argument 1: 0
Argument 2"	"Here are the results:

Argument 1:"	"Argument 1: 0
Argument 2"	0	"Argument 1: 0
Argument 2"
defabel-463	1,3	0	0	0	"0
1"	0	"Argument 1: 0
Argument 2"	"1 (2)
2 (2)"	"Argument 1: 0
Argument 2"	0	"0
2"
defabel-463	2,3	"0
1"	0	"0
2"	"Argument 1:
0
Argument 2:"	0	0	"0
1"	"Argument 1: 0
Argument 2"	"0
1"	"Argument 1: 0
Argument 2"
defabel-467	0,2	"Argument 1: 2
Argument 2"	"Argument 1:
0
Argument 2:"	"0
1"	"Argument 1: 1
Argument 2"	"0
1"	"0
1"	"Argument 1: 2
Argument 2"	"0
1"	"Argument 1: 2
Argument 2"	0
defabel-467	1,0	0	"0
2"	"0
2"	"Argument 1: 0
Argument 2"	0	"Argument 1: 0
Argument 2"	0	0	0	"Argument 1: 0
Argument 2"
defabel-467	1,3	0	"0
1"	"0
1"	0	0	"0
1"	"0
1"	"Argument 1: 0
Argument 2"	0	"Argument 1
Argument 2"
defabel-467	2,3	"0
1"	"Argument 1: 2
Argument 2"	0	"0
1"	"1. 1
2. 0"	0	0	"0
2"	"0
2"	0
defabel-490	0,1	"0
2"	"Argument 1: 0
Argument 2"	0	"Argument 1: 0
Argument 2"	0	0	"1.  Argument 1
2."	"Argument 1: 0
Argument 2"	0	"Argument 1: 0
Argument 2"
defabel-490	0,2	"0
2"	"0
1"	"0
1"	"0
1
2"	"0
1"	"0
1"	0	"0
1"	"0
2"	0
defabel-490	1,3	"0
2"	"0
1"	"0
2"	"0
1"	"Here are the evaluation results:

- Argument 1"	0	0	0	"Argument 1: 1
Argument 2"	0
defabel-490	2,3	"0
1"	"Argument 1: 0
Argument 2"	0	"Argument 1
2"	"0
1"	"Argument 1: 0
Argument 2"	"0
2"	"0
1"	"0
2"	"Argument 1:
0
Argument 2:"
defabel-500	0,1	"Argument 1: 2
Argument 2"	"Argument 1: 0
Argument 2"	"0
2"	"Argument 1:
0
Argument 2:"	"0
1"	"Argument 1:
0
Argument 2:"	"0
1"	"Argument 1:
0
Argument 2:"	"Argument 1: 2
Argument 2"	"Argument 1: 0
Argument 2"
defabel-500	0,2	"0
1"	"Argument 1: 0
Argument 2"	"Here are the evaluation results:

Argument 1:"	0	"0
1
2"	"0
1"	"0
1"	"0
1"	"0
2"	"Argument 1: 0
Argument 2"
defabel-500	1,3	"Argument 1: 2
Argument 2"	"Argument 1:
0"	"Here are the labels:

Argument 1:"	"0
1
2"	0	"Argument 1
2"	0	"0
2"	0	"Argument 1:
0
Argument 2"
defabel-500	2,3	"0
1"	"0
1"	"0
2"	0	"0
1"	"0
2"	"0
2"	"0
2"	"0
1"	0
defabel-514	0,1	"Argument 1: 1
Argument 2"	0	0	"0
1"	"Argument 1: 2
Argument 2"	0	0	"0
1"	"0
2"	"0
1"
defabel-514	0,2	0	"Argument 1: 0
Argument 2"	Here are the two texts with the evaluation of which	"0
1"	0	0	0	0	"0
2"	"0
2"
defabel-514	1,3	0	0	"0
2"	"Argument 1: 0
Argument 2"	"0
2"	"0
1"	0	"0
2"	0	"0
2"
defabel-514	2,3	"0
2"	"0
1
2"	"Here are the results:

1. Argument 1"	"0
2"	"Here are the results:

0
1
2"	0	0	0	"0
1"	"0
1"
defabel-522	0,1	"0
2"	0	0	"0
1
2"	0	"0
1"	0	0	"0
1"	0
defabel-522	0,2	0	"0
2"	0	"0
2"	0	"0
1"	0	0	0	"0
1"
defabel-522	1,3	0	"0
1"	"0
1"	"0
2"	0	0	"0
2"	"0
1"	0	0
defabel-522	2,3	"Here are the labels:

Argument 1:"	0	"0
2"	"0
2"	"Here are the evaluations:

0
2"	0	"0
2"	"0
2"	"0
1"	0
defabel-560	0,1	"Here are the evaluations:

Argument 1:"	"0
1"	"0
2"	"Argument 1: 0
Argument 2"	0	0	"0
1"	"Argument 1: 0
Argument 2"	0	"0
1
2"
defabel-560	0,2	"0
2"	"0
1
2"	"1 (2)
2 (2)"	"Argument 1: 0
Argument 2"	"0
1
2"	"Argument 1: 1
Argument 2"	"0
1"	"0
1"	"0
2"	"0
2"
defabel-560	1,3	"0
1"	"0
2"	0	0	0	"0
2"	0	"Argument 1: 0
Argument 2"	0	"Argument 1: 0
Argument 2"
defabel-560	2,3	"Here are the results of the evaluation:

1."	"0
1"	0	"0
1"	0	"Argument 1: 2
Argument 2"	"0
1"	"0
1"	"0
2"	"Argument 1: 2
Argument 2"
defabel-57	0,1	"Argument 1: 1
Argument 2"	0	"0
2"	0	0	"Argument 1: 0
Argument 2"	"0
2"	"Argument 1:
0
Argument 2:"	"Argument 1: 1
Argument 2"	"0
1"
defabel-57	0,2	Here are the two arguments with their respective labels:	"0
2"	"Here are the labels for each text:

Argument"	"0
2"	"Here are the labels:

Argument 1:
2"	"0
1"	"0
1"	0	0	0
defabel-57	1,3	"Argument 1: 0
Argument 2"	"Argument 1: 2
Argument 2"	"Argument 1: 1
Argument 2"	"Argument 1:
0"	"Argument 1: 2
Argument 2"	"0
1"	"Here are the results:

0
1
2"	"0
1"	"Here are the two argumentative texts:

Argument"	"Argument 1:
0
Argument 2:"
defabel-57	2,3	"Argument 1: 2
Argument 2"	"0
2"	"Argument 1: 2
Argument 2"	"Argument 1: 2
Argument 2"	"Here are the results:

1. 2"	"0
1"	"0
2"	"Argument 1: 0
Argument 2"	"Argument 1:
0
Argument 2:"	"Argument 1:
0
Argument 2:"
defabel-574	0,1	0	"0
1"	"0
1"	"0
2"	"0
1"	"Argument 1
Argument 2"	"Argument 1: 2
Argument 2"	"Argument 1: 0
Argument 2"	0	"0
2"
defabel-574	0,2	0	"0
2"	0	"Argument 1: 0
Argument 2"	"0
1
2"	0	"0
2"	"Argument 1: 0
Argument 2"	"0
1"	"Argument 1: 0
Argument 2"
defabel-574	1,3	"0
2"	"0
2"	0	"Argument 1: 0
Argument 2"	"0
2"	"Argument 1: 0
Argument 2"	0	0	0	"0
1
2"
defabel-574	2,3	"0
1"	"0
2"	"0
2"	"Argument 1
2"	"0
1"	0	"0
1"	"0
2"	"0
2"	0
defabel-592	0,2	0	"Argument 1: 0
Argument 2"	0	"Argument 1: 0
Argument 2"	"0
2"	0	"0
1"	"0
1"	"0
1"	0
defabel-592	1,0	"0
2"	"0
1
2"	"0
1"	"0
2"	0	"0
1"	"0
1"	"Argument 1: 0
Argument 2"	"Argument 1: 2
Argument 2"	0
defabel-592	1,3	"0
1"	"0
1"	"0
1"	"0
1"	"Argument 1: 0
Argument 2"	"0
2"	"0
2"	"Argument 1: 0
Argument 2"	0	"0
1"
defabel-592	2,3	"0
2"	"0
1"	"0
2"	0	"1 (2)
2 (1)"	"0
1"	0	"0
1"	0	"Argument 1: 0
Argument 2"
defabel-607	0,1	0	"0
1"	"0
1"	0	0	"0
1"	0	0	0	0
defabel-607	0,2	"0
2"	"0
1"	"0
2"	"0
2"	"0
1"	0	"1.  Argument 1
2."	"0
1"	0	"0
1"
defabel-607	1,3	0	"0
1"	0	0	"0
1"	"0
1"	0	"0
1"	0	0
defabel-607	2,3	0	"0
1"	"Argument 1: 2
Argument 2"	"0
1"	0	"Argument 1: 0
Argument 2"	"1.  2
2."	0	"0
2"	0
defabel-622	0,1	0	"0
2"	"1.  Argument 1
2."	"Argument 1: 0
Argument 2"	"Here are the labels:

Argument 1:"	"0
1"	"0
1"	"0
1
2"	0	"0
1"
defabel-622	0,2	"0
1
2"	"0
1"	"0
2"	"0
1
2"	"Here are the labels for both texts:

Argument"	"0
2"	"1.  0
2."	"0
1
2"	"0
2"	"0
1
2"
defabel-622	1,3	"0
2"	0	"0
2"	"0
1"	0	"0
1"	0	0	0	"0
2"
defabel-622	2,3	"0
2"	"0
2"	"0
2"	"0
1"	"0
1"	0	"0
1"	"0
1"	"0
1"	"0
1"
defabel-633	0,2	"0
1"	0	"0
2"	"0
1"	"0
2"	0	"0
1"	"0
2"	"0
1"	"0
2"
defabel-633	1,0	"1
2"	"0
2"	0	"0
1
2"	0	"0
1"	"Here are the two argumentative texts:

Argument"	"0
1
2"	"1.  Argument 1
2."	"0
2"
defabel-633	1,3	0	0	"0
2"	0	"0
2"	"0
1"	"0
1"	"Here are the evaluation results:

1. Argument"	"0
1"	"0
2"
defabel-633	2,3	"0
1"	"0
2"	"0
2"	"0
2"	"0
2"	"0
1
2"	0	"Here are the evaluations:

Argument 1:"	"0
1
2"	"0
1"
defabel-643	0,1	"0
2"	"0
1"	0	"Argument 1:
0
Argument 2"	"0
1"	0	0	"Argument 1: 0
Argument 2"	"Here are the results:

Argument 1:"	"Argument 1: 0
Argument 2"
defabel-643	0,2	"0
2"	0	"Here are the results of the evaluation:

0"	"0
1"	0	"0
1"	"Here are the results:

1. Argument 1"	"0
1"	0	"Argument 1: 0
Argument 2"
defabel-643	1,3	"Here are the evaluation labels:

Argument 1:"	"0
1"	0	"0
2"	"0
1
2"	"0
1
2"	"0
1"	0	"0
1"	"0
2"
defabel-643	2,3	"0
1"	"0
1"	"0
1"	"Here are my evaluations:

Argument 1:
0"	0	"0
1"	"0
1"	"0
1"	"0
1"	"0
1
2"
defabel-644	0,1	0	0	0	"0
2"	0	"0
2"	"0
1"	0	0	"0
1"
defabel-644	0,2	"0
2"	"0
2"	0	"0
2"	0	"0
2"	"0
1"	"0
1"	"0
2"	"0
2"
defabel-644	1,3	"0
1"	"Argument 1: 0
Argument 2"	"0
1"	"0
1"	"0
2"	"0
1"	"0
2"	"0
1"	0	"0
1"
defabel-644	2,3	0	"0
1"	"0
1"	"0
2"	"0
1"	"0
1"	"0
2"	"0
1"	"0
2"	0
defabel-677	0,2	"0
1"	"0
1"	0	0	"0
1"	"0
1"	0	"0
1"	0	"0
2"
defabel-677	1,0	"0
1"	"0
2"	0	0	0	"0
2"	"1
2"	"0
1
2"	"0
1"	"0
1"
defabel-677	1,3	0	0	"Here are the results:

0
1"	"0
2"	0	"0
2"	0	"0
1"	"Here are the results:

0
2"	0
defabel-677	2,3	"0
1"	"0
1"	"0
1"	"0
1"	0	0	"0
1"	0	0	"0
1"
defabel-681	0,2	"0
2"	"0
1"	"1 (Argument 1)
2 (Argument"	0	"0
1"	0	"0
1"	0	"0
1"	"0
2"
defabel-681	1,0	0	"0
1"	"0
1"	0	"0
2"	0	"0
1"	0	0	"0
1"
defabel-681	1,3	"0
1"	Here are the two argumentative texts with the evaluation	"0
1"	"0
1"	"0
2"	0	0	"0
2"	"0
1"	"Here are the evaluations:

0
1"
defabel-681	2,3	"0
2"	"Here are the evaluations of the two texts:

Argument"	0	0	0	"Here are the evaluation results:

1. Argument"	"0
1"	0	"1.  Argument 1
2."	0
defabel-692	0,2	0	"0
1"	"0
2"	"0
1"	"0
1"	"Argument 1: 0
Argument 2"	"0
1"	"0
1"	0	"0
1"
defabel-692	1,0	"Argument 1: 2
Argument 2"	0	"1.  Argument 1
2."	0	0	0	"0
2"	"Argument 1:
0
Argument 2:"	"Argument 1: 1
Argument 2"	"Argument 1:
0
Argument 2:"
defabel-692	1,3	0	"0
2"	"Argument 1: 0
Argument 2"	0	0	"Argument 1: 0
Argument 2"	1.  2	0	"0
2"	"0
1"
defabel-692	2,3	"0
1"	"Argument 1: 0
Argument 2"	0	"Argument 1: 2
Argument 2"	0	"Argument 1: 2
Argument 2"	0	"0
1"	"0
1"	0
defabel-701	0,2	"0
2"	"0
1"	"0
2"	"0
1"	0	"0
1
2"	"0
2"	"Argument 1:
0
Argument 2"	Here are the evaluation labels for the given argumentative	"0
1"
defabel-701	1,0	"0
1"	"Argument 1: 0
Argument 2"	"Argument 1: 2
Argument 2"	"Argument 1: 0
Argument 2"	"0
1"	"0
1"	"Here are the two texts with the evaluation:

Argument"	"Argument 1: 0
Argument 2"	"0
2"	"Argument 1: 0
Argument 2"
defabel-701	1,3	"0
1"	"0
2"	"0
1"	"0
2"	"0
2"	"Argument 1: 0
Argument 2"	"0
2"	"0
1"	"1: 2
2: 1"	"0
2"
defabel-701	2,3	"0
2"	"Argument 1: 0
Argument 2"	0	"0
2"	"0
1"	"0
2"	0	"Argument 1: 0
Argument 2"	0	"0
2"
defabel-732	0,2	0	"0
1"	0	0	0	"0
1"	"1. Argument 1
2. Argument"	0	0	0
defabel-732	1,0	"0
1"	"0
1"	0	"0
2"	0	0	0	"0
1"	"Here are the evaluation labels:

Argument 1:"	"0
2"
defabel-732	1,3	0	"0
1
2"	0	"0
2"	0	0	"Here are the labels:

Argument 1:"	"0
1
2"	0	"0
2"
defabel-732	2,3	0	"0
1"	0	0	0	0	"1 (1)
2 (1)"	"0
1"	0	0
defabel-737	0,2	0	"0
1"	0	0	0	0	"0
2"	"0
1"	"1
2"	0
defabel-737	1,0	"0
2"	"Argument 1: 0
Argument 2"	0	0	0	0	"0
2"	"Argument 1: 0
Argument 2"	0	"Argument 1: 0
Argument 2"
defabel-737	1,3	"0
2"	"0
2"	"0
2"	0	"0
2"	"Argument 1
2"	"0
2"	"0
2"	0	"0
1"
defabel-737	2,3	1.  2	"0
2"	"Here are the labels:

0. Argument 1"	"0
1"	"0
1"	"0
2"	"0
1"	0	"0
2"	"Here are the results:

1.  Argument"
defabel-785	0,1	"0
1"	0	"Argument 1: 0
Argument 2"	"Argument 1: 0
Argument 2"	0	"Argument 1: 0
Argument 2"	"Here are the evaluation results:

Argument 1:"	0	"0
1"	"Argument 1:
0
Argument 2:"
defabel-785	0,2	"0
2"	"Argument 1: 0
Argument 2"	0	"Argument 1: 0
Argument 2"	"0
1"	"0
2"	0	"0
1"	"0
1"	"Argument 1: 0
Argument 2"
defabel-785	1,3	0	0	"Argument 1: 2
Argument 2"	"Argument 1:
0
Argument 2:"	"Argument 1: 2
Argument 2"	"Argument 1: 0
Argument 2"	"0
1"	"Argument 1:
0
Argument 2:"	0	"0
1"
defabel-785	2,3	0	"Argument 1
2"	"Here are the evaluation results:

Argument 1:"	"0
1"	"0
1"	"0
1"	"0
1"	"Argument 1
2"	"Here are the pair of argumentative texts:

Argument"	"0
1"
defabel-789	0,1	"Argument 1: 2
Argument 2"	"Argument 1: 0
Argument 2"	0	"Argument 1: 0
Argument 2"	"Argument 1: 2
Argument 2"	0	"Here are the evaluation results:

Argument 1:"	"Argument 1: 0
Argument 2"	0	"Argument 1:
0
Argument 2:"
defabel-789	0,2	"0
1"	0	"Argument 1: 0
Argument 2"	"0
2"	0	"0
2"	"Argument 1: 0
Argument 2"	"0
1"	"Here are the two argumentative texts:

Argument"	"Argument 1: 0
Argument 2"
defabel-789	1,3	"0
2"	"0
1"	"Argument 1: 2
Argument 2"	"Argument 1: 2
Argument 2"	"Here are the results:

Argument 1:"	"Argument 1: 2
Argument 2"	"Argument 1:
0
Argument 2:"	"Argument 1:
0
Argument 2:"	Here are the labels for each pair of argumentative	"Argument 1:
0
Argument 2:"
defabel-789	2,3	"0
2"	"0
2"	"0
1"	"0
1"	"Argument 1: 2
Argument 2"	"Argument 1: 1
Argument 2"	"0
2"	"Argument 1: 2
Argument 2"	"0
1"	"Argument 1: 1
Argument 2"
defabel-812	0,2	"0
1"	0	"0
2"	"Argument 1: 0
Argument 2"	"0
1"	"Argument 1: 0
Argument 2"	"Argument 1: 2
Argument 2"	"0
2"	"Argument 1: 1
Argument 2"	0
defabel-812	1,0	"0
1"	"Argument 1:
0
Argument 2:"	"0
1"	"0
1"	"1: 2
2: 1"	0	"0
2"	"0
1"	0	"Argument 1:
0"
defabel-812	1,3	"0
1"	"Argument 1: 1
Argument 2"	"0
2"	"Argument 1:
0
Argument 2:"	0	0	"0
2"	"Argument 1:
0
Argument 2:"	"Argument 1: 2
Argument 2"	0
defabel-812	2,3	0	"0
2"	0	"0
1"	"0
2"	"0
1
2"	"0
2"	"0
1"	"0
1"	"0
1
2"
defabel-814	0,1	"0
1"	"Argument 1: 0
Argument 2"	"Argument 1: 2
Argument 2"	"0
1"	"0
2"	"Argument 1: 0
Argument 2"	0	"Argument 1: 0
Argument 2"	0	"0
1"
defabel-814	0,2	"0
2"	"Argument 1: 0
Argument 2"	"1 (Argument 1)
2 (Argument"	"0
2"	1.  2	"Argument 1: 0
Argument 2"	"1 (Argument 1)
2 (Argument"	"0
1
2"	"Argument 1: 2
Argument 2"	"0
1
2"
defabel-814	1,3	0	"Argument 1: 0
Argument 2"	"Here are the evaluation results:

Argument 1:"	"Argument 1: 0
Argument 2"	"Argument 1: 1
Argument 2"	"Argument 1: 0
Argument 2"	"0
2"	"Argument 1:
0"	"0
1"	0
defabel-814	2,3	"Here are the results:

1. 1"	"0
1"	"Here are the results:

Argument 1:
0"	"Argument 1
2"	"0
1"	"0
1"	"Here are the results:

Argument 1:"	0	0	"Argument 1: 0
Argument 2"
defabel-835	0,1	"0
2"	"Argument 1: 0
Argument 2"	0	0	"Argument 1: 1
Argument 2"	"Argument 1: 0
Argument 2"	"Argument 1: 1
Argument 2"	"Argument 1: 0
Argument 2"	"0
2"	"Argument 1: 2
Argument 2"
defabel-835	0,2	0	0	"1.  Argument 1
2."	"0
1"	0	0	0	0	"0
2"	"0
1"
defabel-835	1,3	"0
2"	"Argument 1: 1
Argument 2"	"Here are the results:

Argument 1:"	"Argument 1: 0
Argument 2"	"Argument 1: 1
Argument 2"	0	"0
1
2"	"0
2"	"Argument 1: 1
Argument 2"	"0
1"
defabel-835	2,3	"0
1"	"0
2"	"0
1"	"0
2"	Here are the two arguments with the label options:	"0
1"	"0
1"	"0
1"	"0
1"	"0
2"
defabel-839	0,1	"Argument 1: 2
Argument 2"	"0
1"	0	"0
1"	"0
2"	"0
1
2"	"0
2"	"Argument 1: 0
Argument 2"	0	"Argument 1
2"
defabel-839	0,2	"0
1"	0	0	0	"0
2"	0	"1. 1
2. 0"	"0
1"	"1.  Argument 1
2."	"Argument 1:
0
Argument 2:"
defabel-839	1,3	0	"0
1"	0	"0
1"	"0
1"	"0
1"	0	"0
1"	"0
2"	0
defabel-839	2,3	"0
2"	"0
1
2"	0	0	"1
2"	0	0	0	"0
1"	"0
1"
defabel-85	0,1	"Argument 1: 1
Argument 2"	"0
2"	"0
1"	"0
2"	"0
1"	"Argument 1: 0
Argument 2"	"Argument 1: 2
Argument 2"	"0
2"	"0
1"	0
defabel-85	0,2	0	0	0	"0
2"	"Here are the two argumentative texts:

Argument"	0	"0
2"	"0
1"	"Here are the labels:

Argument 1:"	"Argument 1: 1
Argument 2"
defabel-85	1,3	"Argument 1: 1
Argument 2"	"0
2"	"Argument 1: 1
Argument 2"	0	0	0	0	"Argument 1: 0
Argument 2"	"0
2"	"Argument 1: 2
Argument 2"
defabel-85	2,3	"Argument 1: 1
Argument 2"	"0
1"	"1.  Argument 1
2."	0	0	"0
1"	Here are the labels for each pair of argumentative	0	"Here are the results of the evaluation:

1."	"Argument 1: 2
Argument 2"
defabel-852	0,1	"0
1"	"0
1"	"Here are the results:

0. Argument 1"	"0
2"	"0
2"	0	0	"Argument 1: 1
Argument 2"	"0
1"	0
defabel-852	0,2	"0
2"	"0
1"	0	"0
2"	0	0	"0
1"	"0
2"	"0
2"	"0
2"
defabel-852	1,3	0	"Argument 1: 0
Argument 2"	"0
2"	"Argument 1: 0
Argument 2"	"0
2"	"Argument 1: 0
Argument 2"	"0
1"	0	"0
2"	"0
1"
defabel-852	2,3	"0
2"	"0
2"	"0
2"	"Here are my evaluations:

Argument 1:
2"	"0
1"	0	"Here are the two argumentative texts:

Argument"	"0
2"	"0
1"	"0
2"
defabel-856	0,1	"0
1"	0	"0
1"	0	"0
1"	"0
1"	"0
1"	0	0	0
defabel-856	0,2	"0
1
2"	"0
1"	"Here are the two texts with the labels:

Argument"	"0
2"	"0
2"	"0
2"	"Argument 1: 0
Argument 2"	"0
2"	"0
2"	"0
1"
defabel-856	1,3	0	"0
2"	0	"0
1"	"0
1"	"0
1"	0	"0
2"	"0
1"	"0
1"
defabel-856	2,3	0	"0
1"	0	0	0	"0
1"	"0
1"	"0
1"	"0
1"	"0
1"
defabel-888	0,1	"1.  0
2."	0	0	"0
1"	0	0	"Here are the evaluation results:

Argument 1:"	"Argument 1: 0
Argument 2"	"0
1"	"0
2"
defabel-888	0,2	0	"0
1"	"0
2"	0	"0
1"	"Argument 1: 2
Argument 2"	"Argument 1: 0
Argument 2"	"Argument 1: 0
Argument 2"	"Argument 1: 2
Argument 2"	0
defabel-888	1,3	"Here are the evaluation results:

Argument 1:"	"0
1"	"0
1"	"Argument 1: 0
Argument 2"	0	"0
2"	"Here are the labels for each argument:

Argument"	"0
1"	"Argument 1: 0
Argument 2"	"Argument 1:
0
Argument 2"
defabel-888	2,3	"0
1"	"Argument 1: 2
Argument 2"	"0
1"	"Here are the two arguments with their evaluation:

Argument"	"1 (1)
2 (2)"	"Here are the results of the evaluation:

Argument"	"0
1"	"Argument 1
2"	0	"0
1"
defabel-901	0,2	"0
2"	"0
1"	0	"0
1
2"	"0
1"	"0
1
2"	0	"0
2"	0	"0
1"
defabel-901	1,0	"0
2"	"0
1"	0	0	"0
1"	"0
1"	0	"0
1
2"	0	0
defabel-901	1,3	"1.  Argument 1
2."	"Argument 1: 0
Argument 2"	"1.  0
2."	"0
1"	"0
2"	0	"0
2"	"0
1"	"0
1"	"0
1"
defabel-901	2,3	0	"0
2"	"0
1"	0	0	0	0	"Argument 1: 2
Argument 2"	"0
2"	"0
2"
deuparl-105	0,1	0	"0
1"	0	"0
2"	0	"0
1"	0	0	"1. 2
2. 0"	"0
2"
deuparl-105	0,2	"0
1"	"0
1
2"	"0
1"	0	"0
2"	0	0	0	0	0
deuparl-105	1,3	"0
1"	0	0	0	"0
1"	0	0	"0
1
2"	0	0
deuparl-105	2,3	0	0	"0
1"	"0
1"	0	0	"0
1"	"0
1"	0	"0
1
2"
deuparl-114	0,2	0	0	"0
2"	0	"0
2"	"0
2"	0	0	"0
2"	0
deuparl-114	1,0	0	0	0	0	"0
2"	0	"0
1
2"	0	0	"0
1
2"
deuparl-114	1,3	0	"0
2"	0	"0
1"	"0
1"	0	"1: 1
2: 0"	"0
1"	"0
2"	"0
1"
deuparl-114	2,3	0	"0
2"	0	0	"0
2"	0	0	0	"0
1"	0
deuparl-123	0,2	0	"0
1"	0	0	"0
1"	0	0	"0
2"	0	"0
1
2"
deuparl-123	1,0	0	"0
2"	0	"0
2"	"0
2"	"0
1"	0	"0
2"	0	0
deuparl-123	1,3	"0
1"	"0
1
2"	"0
2"	"0
2"	"0
1"	"0
1"	"0
2"	"0
1
2"	"1 (2)
2 (0)"	0
deuparl-123	2,3	"0
2"	0	"0
2"	"0
2"	"0
1"	"0
1"	"0
2"	"0
1
2"	"0
1"	"Argument 1: 0
Argument 2"
deuparl-1430	0,2	0	0	"0
2"	0	"0
1"	"0
1"	"0
1"	"0
1"	"0
1"	0
deuparl-1430	1,0	"0
1"	"0
1"	0	0	0	"0
1"	"0
1"	"0
1
2"	1.  2	"0
1"
deuparl-1430	1,3	"0
1"	"0
1"	"0
2"	"0
1
2"	"0
1"	"0
1
2"	0	"0
1
2"	"0
1"	"0
1
2"
deuparl-1430	2,3	"0
2"	"0
1"	"0
2"	"0
1"	"0
2"	"0
2"	"0
1"	"0
1"	"0
2"	"0
1"
deuparl-155	0,1	"1
2"	"0
2"	"0
1
2"	"0
1"	"0
1"	0	0	"0
1
2"	"0
1"	"0
2"
deuparl-155	0,2	"Here are the labels:

0 (Both arguments evoke"	"0
1"	"0
1"	"0
1"	0	0	0	"0
1"	0	"0
1"
deuparl-155	1,3	0	0	"0
2"	0	0	"0
1
2"	"0
1
2"	"0
1
2"	0	"Argument 1
2"
deuparl-155	2,3	0	0	"0
2"	0	"0
2"	"0
1"	"0
2"	"0
1"	"0
1"	"0
1"
deuparl-1604	0,1	0	"0
1"	0	"0
1"	0	0	"0
1"	0	"0
1"	"0
1"
deuparl-1604	0,2	"0
2"	"0
2"	"0
1"	"0
2"	"0
2"	0	"1.  0
2."	"0
2"	"0
2"	0
deuparl-1604	1,3	"Argument 1: 0
Argument 2"	"0
1"	0	"0
1
2"	0	"Argument 1: 0
Argument 2"	0	"0
2"	"0
2"	"Argument 1:
0
Argument 2"
deuparl-1604	2,3	"Argument 1: 0
Argument 2"	"0
1
2"	"0
1
2"	0	0	"0
1
2"	"0
1"	"0
1
2"	"Argument 1: 2
Argument 2"	"0
1"
deuparl-161	0,1	0	0	"0
2"	"0
2"	"0
2"	"0
2"	"0
1
2"	"0
2"	"0
2"	0
deuparl-161	0,2	0	"0
1"	0	0	"0
1
2"	"0
2"	"0
1"	"0
1"	"0
2"	"Argument 1: 0
Argument 2"
deuparl-161	1,3	"0
1"	"Argument 1: 1
Argument 2"	0	0	"0
1"	"0
1"	"0
2"	"Argument 1: 1
Argument 2"	"1.  0
2."	0
deuparl-161	2,3	"0
2"	"0
1"	"0
2"	0	"0
2"	"0
1"	"0
1"	"0
1"	0	0
deuparl-168	0,1	"0
1
2"	"0
1
2"	"0
1"	0	"0
1"	"0
1
0"	"0
1
0"	0	"0
2"	0
deuparl-168	0,2	0	"0
1
2"	"0
1"	0	0	"0
1"	"Here are the labels:

1. Argument 1"	0	"0
1
2"	0
deuparl-168	1,3	"0
2"	"0
1"	"0
1"	"0
1"	"0
2"	"0
1"	"0
1"	"0
1"	0	"0
1"
deuparl-168	2,3	Here are the two texts with the label for each	"0
1"	"0
2"	"0
1"	"Argument 1: 2
Argument 2"	"Argument 1: 0
Argument 2"	"0
1"	"0
1"	"0
2"	"0
1"
deuparl-17	0,2	0	"0
1"	0	"0
1"	"0
1"	0	"0
1"	"0
2"	"0
1"	0
deuparl-17	1,0	0	"0
2"	"0
1"	"0
1"	"0
1"	0	0	"0
1"	0	"0
1"
deuparl-17	1,3	0	0	"0
1"	"0
1"	"1.  Argument 1
2."	0	"0
1"	"0
2"	"0
2"	"0
2"
deuparl-17	2,3	"0
1"	"0
1"	"0
1"	"0
1"	"0
1"	0	"0
1
2"	"0
2"	0	"0
1"
deuparl-182	0,1	"0
2"	"0
2"	0	0	"0
1"	0	0	"0
1"	"0
1"	"0
1"
deuparl-182	0,2	"0
2"	"0
2"	0	0	0	0	0	"0
1"	"0
1"	"0
2"
deuparl-182	1,3	"Here are the evaluations:

0
1"	"Argument 1: 2
Argument 2"	"0
1"	"0
2"	"1: 2
2: 0"	0	"Here are the evaluation results:

1. Argument"	0	0	"Argument 1: 2
Argument 2"
deuparl-182	2,3	0	0	0	"0
1
2"	"1
2"	"0
1
2"	"0
2"	"0
2"	"0
2"	"Argument 1: 0
Argument 2"
deuparl-187	0,1	0	"0
1"	"0
2"	"0
1"	0	"0
2"	"0
1"	"0
1
0"	"0
1"	0
deuparl-187	0,2	"0
1"	0	"0
1"	0	"0
1"	0	0	"0
2"	0	0
deuparl-187	1,3	"0
2"	0	"0
2"	0	0	"0
1"	0	"0
1"	Here are the two argumentative texts with the labels	0
deuparl-187	2,3	0	0	0	0	"0
1
2"	"0
2"	0	"0
1"	"0
1"	0
deuparl-188	0,1	"0
1"	0	0	"0
1
2"	0	"0
1"	"0
1"	0	"0
1
2"	0
deuparl-188	0,2	0	0	"0
1"	"0
2"	0	0	"0
2"	"0
2"	0	0
deuparl-188	1,3	"0
1
2"	0	"0
2"	"0
1"	"0
2"	"0
2"	"0
1"	"0
1
2"	"0
2"	"0
1
2"
deuparl-188	2,3	"0
1"	"0
1"	"0
1"	"0
2"	"0
1"	"0
1"	"0
1"	"0
1"	"0
1"	"0
2"
deuparl-194	0,1	0	"0
1"	"0
2"	0	"0
1"	"0
2"	0	0	"0
1"	0
deuparl-194	0,2	0	"0
1"	"0
1"	0	"0
1"	0	0	0	0	0
deuparl-194	1,3	"Here are the labels:

1. Argument 1"	"0
1"	"0
1"	"0
2"	"0
1
0"	0	0	"0
2"	"0
1"	0
deuparl-194	2,3	0	"0
1"	"0
2"	0	0	"0
1
2"	"0
1"	"0
1"	"0
1"	"0
2"
deuparl-2064	0,1	"0
1"	0	0	0	"0
1"	"0
2"	"0
1"	"0
2"	0	0
deuparl-2064	0,2	0	0	0	0	"0
2"	0	0	0	"0
1"	"0
1"
deuparl-2064	1,3	0	"0
1"	"0
1"	0	0	"0
2"	0	"0
1"	"0
1
2"	"0
2"
deuparl-2064	2,3	0	0	"0
2"	0	0	"0
1"	"0
1"	"0
1"	0	0
deuparl-2181	0,1	"Here are the labels for each argument:

Argument"	"0
1"	"0
1
2"	"0
1"	Here are the labels for the two argumentative texts	"0
2"	"0
2"	"0
1"	0	"0
2"
deuparl-2181	0,2	"0
2"	0	"0
1"	"0
2"	0	"0
1
2"	"0
1"	"0
1"	"0
2"	0
deuparl-2181	1,3	"Here are the evaluations:

0
2"	0	"Here are the results of the emotion evaluation:

0"	0	"Here are the labels:

Argument 1:"	"0
1"	0	"0
1"	0	"0
1"
deuparl-2181	2,3	0	0	0	"0
2"	"1. Argument 1
2. Argument"	"0
1"	0	"0
2"	"0
1"	"0
2"
deuparl-2183	0,1	"0
1"	"0
1"	"0
1"	0	"0
1"	0	0	"0
1"	"0
1
2"	"Here are the two argumentative texts:

1."
deuparl-2183	0,2	"0
1"	"0
1"	"0
1"	"0
2"	0	0	"0
1"	"0
1"	0	"0
1"
deuparl-2183	1,3	"Here are the results:

1.  Argument"	"0
2"	"0
2"	"0
2"	0	"Argument 1: 0
Argument 2"	0	"0
2"	0	"0
1"
deuparl-2183	2,3	"0
2"	"0
1
2"	"0
2"	"0
1"	"0
1"	"0
1"	0	"0
2"	"0
1"	"0
1"
deuparl-2187	0,2	"0
1"	0	"Here are the evaluations of each pair:

Argument"	"0
2"	"0
2"	0	0	0	"0
1"	"Here are my evaluations:

Argument 1:"
deuparl-2187	1,0	0	0	"0
1"	"0
1"	"0
2"	0	0	0	"0
1"	"0
1"
deuparl-2187	1,3	"0
1"	"0
2"	"0
2"	0	0	"0
1"	0	0	"0
1"	"0
1
2"
deuparl-2187	2,3	"0
1
2"	"0
1"	"0
2"	"Argument 1
0
Argument 2"	"0
1"	0	"Here are the two arguments:

Argument 1:"	"Argument 1:
0
Argument 2"	"Here are the labels:

1. Argument 1"	"0
1"
deuparl-2202	0,2	"0
1"	"0
1"	0	"0
1"	0	"0
2"	0	0	"0
1"	"0
1"
deuparl-2202	1,0	"0
1"	0	0	0	"0
1"	0	"0
1"	"0
2"	"0
2"	0
deuparl-2202	1,3	0	"0
1"	"0
2"	"0
1
2"	"0
1"	"0
2"	"Argument 1: 2
Argument 2"	0	0	0
deuparl-2202	2,3	"0
2"	"0
2"	"Here are the two arguments with the labels:

Argument"	0	"0
1"	"0
2"	0	0	"0
2"	0
deuparl-2208	0,2	0	"0
2"	0	"0
1
2"	"0
2"	"0
2"	"0
2"	0	"0
1"	"0
1"
deuparl-2208	1,0	0	"0
2"	0	"0
1
2"	0	0	"0
1"	0	0	"0
1
2"
deuparl-2208	1,3	0	"0
1
2"	0	"0
1"	0	0	"0
1"	"0
1"	"0
2"	"0
1"
deuparl-2208	2,3	"0
1"	0	0	"0
1"	"0
2"	"0
1"	"0
1
2"	"0
2"	"0
1"	"0
1"
deuparl-238	0,1	"0
1"	0	0	"0
1"	0	0	"0
1"	0	0	"0
1"
deuparl-238	0,2	"0
2"	"0
2"	0	"0
1"	"1 (Argument 1)
2 (Argument"	"0
1"	0	"Argument 1: 0
Argument 2"	0	0
deuparl-238	1,3	0	0	0	"0
2"	0	"Argument 1: 1
Argument 2"	0	"0
2"	0	"0
1"
deuparl-238	2,3	"0
1"	0	"0
1"	0	"0
2"	0	0	0	"0
1"	0
deuparl-239	0,1	"0
1
2"	"0
2"	"0
2"	0	"0
1
2"	0	"0
2"	0	0	"0
1"
deuparl-239	0,2	"0
1"	"0
1
2"	0	0	"0
1"	0	"0
2"	"0
1"	0	"0
2"
deuparl-239	1,3	"0
1"	0	0	0	"0
2"	0	0	"0
2"	"1 (1)
2 (0)"	0
deuparl-239	2,3	0	0	0	"0
1"	"0
2"	0	0	"0
2"	"0
1"	0
deuparl-241	0,1	"0
2"	0	"1: 1
2: 0"	"0
2"	0	0	0	0	"0
2"	"0
1"
deuparl-241	0,2	0	0	"0
1"	"0
1"	"0
1"	"0
1"	"0
1"	0	"0
1"	"0
1
2"
deuparl-241	1,3	0	0	"0
1"	"0
1
0"	"0
2"	0	0	0	"0
2"	0
deuparl-241	2,3	0	"0
2"	"1.  Argument 1
2."	0	0	0	0	0	"0
1"	"Argument 1: 0
Argument 2"
deuparl-252	0,1	"0
1
2"	0	0	0	"0
2"	"0
2"	"0
1"	0	"0
1"	0
deuparl-252	0,2	0	"0
1"	"0
2"	"0
1
2"	"0
1"	"0
1"	"0
1"	"0
1"	"0
2"	"0
2"
deuparl-252	1,3	"0
1"	"0
1"	"0
2"	"0
2"	0	0	"0
2"	"0
2"	"0
2"	"0
1
2"
deuparl-252	2,3	0	0	"0
2"	0	0	0	"0
2"	0	"0
1"	0
deuparl-267	0,2	"0
1"	0	0	"0
1"	0	"0
1"	0	"0
2"	"0
1"	0
deuparl-267	1,0	0	"0
1"	0	0	"1. 1
2. 0"	0	"0
2"	0	"1
2"	0
deuparl-267	1,3	0	0	0	"0
1"	"0
1"	"0
1
2"	"0
2"	"0
1"	0	0
deuparl-267	2,3	0	"0
2"	Here are the labels for the two argumentative texts	0	0	0	"0
1"	"Argument 1: 2
Argument 2"	0	"0
1"
deuparl-27	0,2	"0
1"	"0
2"	"0
1"	"0
1"	"0
1"	"0
1"	"0
2"	"0
2"	"0
1"	"0
1"
deuparl-27	1,0	"0
2"	"0
1"	"0
1
2"	"0
1"	"0
2"	0	"0
1
2"	"0
1"	"0
1
2"	0
deuparl-27	1,3	0	"Argument 1: 0
Argument 2"	0	"0
1"	"0
1"	"0
2"	"0
2"	"Argument 1
0
Argument 2"	"0
1"	"0
1"
deuparl-27	2,3	"0
1"	"0
1"	"0
1"	"0
2"	"0
1"	"0
1"	"0
1"	"Argument 1: 2
Argument 2"	0	"0
2"
deuparl-296	0,1	0	"0
2"	"0
2"	0	"0
2"	"0
1
2"	"1. 1
2. 0"	"0
1"	"0
1"	"0
1
2"
deuparl-296	0,2	"0
1"	"0
1
2"	"1. 1
2. 0"	"0
1
2"	"0
1"	"0
2"	0	"0
1"	"1. 
2"	0
deuparl-296	1,3	"0
2"	"0
1
2"	0	"0
1"	0	"0
1
2"	"0
1"	"0
2"	0	"0
1"
deuparl-296	2,3	0	"0
1"	0	"0
1
2"	0	"0
1"	0	"0
1
2"	"Here are the evaluations:

Argument 1:"	"0
1
2"
deuparl-324	0,2	"1 (Argument 1)
2 (Argument"	0	"0
1
2"	0	"0
1"	0	"0
1"	0	"0
1"	0
deuparl-324	1,0	"0
2"	"0
1
0"	0	0	"0
1"	"0
1"	"0
2"	"0
1"	"0
2"	"0
1"
deuparl-324	1,3	0	"0
2"	"0
2"	"0
2"	0	"0
2"	0	"0
1"	"0
2"	0
deuparl-324	2,3	0	0	"0
2"	"0
2"	"Here are the results:

Argument 1:"	0	0	"0
1"	"0
2"	"0
2"
deuparl-325	0,2	"1. 1
2. 0"	0	"0
2"	0	"0
1"	"0
1"	"0
1"	0	"0
2"	"0
1"
deuparl-325	1,0	"0
1"	0	"0
2"	"0
1
2"	0	"0
1
2"	0	"0
1
2"	"0
1"	"0
1
2"
deuparl-325	1,3	"0
1"	0	"0
2"	"0
1"	"0
2"	0	"0
1"	0	"1.  Argument 1
2."	0
deuparl-325	2,3	"0
2"	0	"0
1"	"0
1"	"Here are the two argumentative texts:

Argument"	"0
1
2"	0	"0
1
2"	"0
1
2"	"0
1
2"
deuparl-341	0,2	0	"0
1"	0	"0
1"	"0
1"	"0
1"	0	0	"1 (2)
2 (2)"	"0
1
2"
deuparl-341	1,0	"0
1
2"	"0
2"	"0
1"	"0
1"	0	0	"1. 1
2. 0"	"0
1"	0	"0
1"
deuparl-341	1,3	"0
1"	0	"0
1"	"0
1"	"0
2"	"0
2"	0	0	"0
1"	"Argument 1: 0
Argument 2"
deuparl-341	2,3	0	0	"0
1"	0	"0
1"	"0
1"	"0
1"	0	0	"0
1"
deuparl-36	0,1	"0
1"	"0
1
2"	0	0	"0
1"	0	"0
2"	"0
2"	0	"0
2"
deuparl-36	0,2	"1.  Argument 1
2."	"0
1
2"	0	"Argument 1: 0
Argument 2"	"0
2"	"0
1"	"0
1"	"0
1
2"	"0
2"	"0
1
2"
deuparl-36	1,3	0	"0
1"	"0
2"	"0
1"	"1. 1
2. 0"	0	0	"0
2"	"0
1"	"0
1"
deuparl-36	2,3	0	"0
1"	"1. 1
2. 0"	0	"0
2"	"0
1"	0	0	"0
2"	"0
1"
deuparl-363	0,1	0	"0
2"	0	"0
1
2"	0	0	0	"0
1
2"	"0
1"	0
deuparl-363	0,2	"0
1"	0	"0
1"	"0
1
2"	"0
1"	"0
1
2"	"0
1"	0	0	"0
1
2"
deuparl-363	1,3	"0
1"	"0
1"	"1. 1
2. 0"	"0
1"	0	0	"0
1"	"0
1"	"0
2"	0
deuparl-363	2,3	0	"0
2"	"0
2"	"0
1"	"0
1"	0	"0
2"	0	0	0
deuparl-365	0,1	"0
1"	0	"1. Argument 1
2. Argument"	"0
1
2"	"0
1
2"	0	"1. 1
2. 0"	"0
2"	"1. Argument 1
2. Argument"	0
deuparl-365	0,2	"0
1"	0	"1. Argument 1
2. Argument"	0	"1.  Argument 1
2."	"0
2"	"0
1"	0	0	"0
2"
deuparl-365	1,3	0	0	"0
2"	0	"1 (1)
2 (1)"	0	"0
1"	0	0	"0
1"
deuparl-365	2,3	"1: 2
2: 0"	0	0	0	0	0	0	0	1.  2	0
deuparl-390	0,1	"0
1"	"0
1
2"	"0
1"	"0
1
2"	0	0	"0
1"	0	"0
2"	0
deuparl-390	0,2	"0
1
2"	"0
1
2"	"0
1
2"	"0
1
2"	"0
1
2"	0	"0
1"	"0
1
2"	"0
1"	"0
1
2"
deuparl-390	1,3	0	"0
1"	"0
2"	"0
1"	0	"0
1"	"0
1"	"0
2"	0	"0
1"
deuparl-390	2,3	"0
1"	0	0	"0
2"	0	"0
1"	"0
1"	"0
2"	"1. Argument 1
2. Argument"	"0
1"
deuparl-405	0,2	"0
1"	0	"0
2"	"0
2"	"0
1"	"0
1"	"0
2"	"0
1"	"0
1"	0
deuparl-405	1,0	"0
1"	0	"0
1"	"0
1"	0	"0
1"	0	0	"0
2"	"0
1"
deuparl-405	1,3	"0
1"	"0
1
2"	"0
1"	"0
1"	0	"0
1"	"0
1"	"0
1"	"0
1"	0
deuparl-405	2,3	"0
2"	0	"Here are the labels:

0
1
2"	"0
2"	"0
1"	0	"0
1"	"0
1"	"0
2"	"0
1"
deuparl-414	0,1	"0
1"	0	"0
1"	"0
1"	"0
1"	0	0	"0
1
2"	"0
1"	"0
2"
deuparl-414	0,2	0	0	0	"0
1"	"0
2"	"0
1"	"1
2"	"Argument 1: 2
Argument 2"	0	"0
1"
deuparl-414	1,3	"0
1"	0	"0
2"	"0
1"	"0
1"	"0
1"	0	"0
1"	"0
2"	0
deuparl-414	2,3	"0
2"	"0
1"	"0
2"	0	0	"0
1
2"	"0
1"	"0
1"	"0
1
2"	"0
1"
deuparl-420	0,1	"0
1"	0	"0
2"	"0
2"	"0
2"	0	"0
1
2"	"0
1"	0	0
deuparl-420	0,2	"0
2"	"0
1"	"0
1"	"0
2"	"0
1"	0	"0
2"	0	0	0
deuparl-420	1,3	"0
1"	"0
1"	0	0	0	"0
1"	0	0	"0
1"	"0
2"
deuparl-420	2,3	0	"0
1
2"	0	"0
1"	"0
1"	"0
1"	"0
2"	"0
1"	"0
1"	0
deuparl-429	0,1	"0
2"	0	"0
1
2"	0	"0
1"	"0
2"	0	0	"0
1"	0
deuparl-429	0,2	0	0	"0
1"	"0
2"	0	"0
1"	0	"0
1"	"0
1"	0
deuparl-429	1,3	0	"0
1"	"0
1"	"0
1"	0	"Argument 1: 0
Argument 2"	"0
1"	"0
1"	"0
1"	"Argument 1: 0
Argument 2"
deuparl-429	2,3	"0
1"	"0
1"	0	0	"0
1"	0	"0
1"	0	0	0
deuparl-433	0,2	0	"0
1
2"	"0
1"	"0
1
2"	0	"0
2"	"0
1
0"	0	"0
2"	0
deuparl-433	1,0	"0
1"	"0
1"	"0
2"	0	0	"0
1"	0	0	0	0
deuparl-433	1,3	0	0	0	"0
1"	0	"0
1"	"0
2"	0	"0
1
2"	0
deuparl-433	2,3	"0
1"	0	0	"0
1
2"	"0
1"	"0
2"	0	"0
1"	"0
1"	0
deuparl-442	0,1	"0
1"	0	"0
1"	0	"1.  Argument 1
2."	0	0	0	0	0
deuparl-442	0,2	0	0	"0
2"	"0
1"	"0
1"	0	"Here are the labels:

0
1
2"	"0
1"	"0
2"	"0
1"
deuparl-442	1,3	"0
2"	"0
1"	"0
1"	0	0	0	"0
1"	"0
2"	"0
1"	0
deuparl-442	2,3	"0
1"	0	"0
1"	"0
1
2"	"0
2"	0	0	"0
2"	"0
2"	"0
2"
deuparl-444	0,2	"0
2"	"0
1"	"0
2"	"0
1
2"	"0
1"	"0
2"	"0
1
0"	"0
1
2"	0	0
deuparl-444	1,0	"0
1
0"	0	0	"0
1"	0	"0
1"	"0
1"	0	"0
2"	"0
1
2"
deuparl-444	1,3	"0
1"	0	"0
1"	"0
1"	"0
2"	0	"0
1"	"0
1
2"	0	"0
1"
deuparl-444	2,3	"0
2"	"0
1"	0	"0
2"	"0
1"	0	"0
2"	0	"0
1
2"	"0
1"
deuparl-487	0,1	"0
1"	0	0	"0
1
2"	0	0	"0
1"	0	0	0
deuparl-487	0,2	0	0	0	0	"0
1"	"0
1"	0	0	"0
2"	0
deuparl-487	1,3	"1.  Argument 1
2."	"0
2"	0	0	"0
2"	"0
1"	0	0	0	"0
2"
deuparl-487	2,3	"0
1"	0	"0
1"	"0
1"	0	"0
1"	"0
2"	"0
1"	"0
1"	"0
1
2"
deuparl-498	0,1	0	0	"0
2"	"0
1
2"	"0
2"	"0
1
2"	0	"0
2"	0	0
deuparl-498	0,2	0	0	0	"0
1
2"	"0
1
2"	0	"0
1
2"	0	"0
2"	"0
2"
deuparl-498	1,3	0	"0
2"	"Here are the results of the evaluation:

1."	0	0	"0
2"	0	"0
2"	"0
1"	0
deuparl-498	2,3	0	"0
1"	"0
1"	0	0	0	0	"0
1"	"0
1"	0
deuparl-504	0,1	0	0	"0
1"	"0
1"	"0
1"	0	"0
2"	"0
1
2"	0	0
deuparl-504	0,2	"0
1
2"	0	"0
2"	"0
1"	0	0	0	0	0	"0
1"
deuparl-504	1,3	"0
1"	0	"0
1"	"0
1"	0	0	"0
2"	"0
1"	"0
2"	"0
2"
deuparl-504	2,3	"0
2"	"0
2"	0	0	"0
1"	"0
2"	0	"0
1"	"0
1"	0
deuparl-51	0,1	"0
1"	0	"0
1"	"0
2"	"0
1
2"	"0
1
2"	"1. Argument 1: 2
2"	0	0	0
deuparl-51	0,2	0	0	0	0	"0
1"	0	0	0	"0
1"	0
deuparl-51	1,3	0	"0
1"	"0
2"	0	0	0	"0
1"	"Argument 1
0
Argument 2"	0	0
deuparl-51	2,3	0	0	0	0	1.  2	"0
1"	"0
1"	0	0	0
deuparl-57	0,1	"0
1"	"0
1"	"0
1
2"	"0
1"	"0
1"	"0
1"	0	"0
1
2"	"0
2"	0
deuparl-57	0,2	0	0	"0
1"	"0
1"	"0
2"	"0
1"	0	"0
1
2"	"0
1"	"0
2"
deuparl-57	1,3	"1. 2
2. 1"	0	"0
2"	0	"0
1"	0	0	0	"0
1"	0
deuparl-57	2,3	"0
2"	"0
2"	0	0	"1 (Argument 1)
2 (Argument"	0	"0
1"	"0
1"	0	0
deuparl-62	0,1	"0
2"	"0
1
0"	"0
1"	0	"0
1"	"0
1"	0	0	0	"0
1"
deuparl-62	0,2	"0
1"	"Argument 1: 0
Argument 2"	"0
2"	"0
1"	"Argument 1:
0
Argument 2"	"Argument 1: 0
Argument 2"	"0
1
2"	"Argument 1: 0
Argument 2"	"0
2"	"0
1"
deuparl-62	1,3	"0
1"	"0
1"	"0
2"	0	0	"0
1"	"0
1"	"0
1"	0	"0
1"
deuparl-62	2,3	"0
1"	"Argument 1: 1
Argument 2"	"Argument 1: 2
Argument 2"	"Argument 1:
0
Argument 2"	"Argument 1: 2
Argument 2"	"Argument 1: 2
Argument 2"	"Argument 1: 2
Argument 2"	"Argument 1: 1
Argument 2"	"Argument 1: 2
Argument 2"	"Argument 1:
0
Argument 2:"
deuparl-77	0,1	"0
1"	"0
1"	"0
1"	"0
1"	"0
1"	0	"0
1
2"	"0
1"	0	"Argument 1: 0
Argument 2"
deuparl-77	0,2	"Argument 1: 2
Argument 2"	"Argument 1: 2
Argument 2"	1 (Argument 1)	0	"Argument 1: 2
Argument 2"	"Argument 1: 0
Argument 2"	"1
2"	"Argument 1: 0
Argument 2"	0	"Argument 1: 1
Argument 2"
deuparl-77	1,3	"0
1"	"Argument 1
0
Argument 2"	"0
2"	0	0	0	0	"Argument 1: 0
Argument 2"	"0
1"	0
deuparl-77	2,3	"0
1"	"0
1
2"	"0
1"	"Argument 1: 1
Argument 2"	"0
1"	"Argument 1
2"	"0
1
2"	"0
1
0"	"Argument 1: 2
Argument 2"	"Argument 1: 2
Argument 2"
deuparl-78	0,1	"0
1"	"0
1
2"	0	0	"0
1"	"0
1"	0	"0
1"	"0
1"	"0
1"
deuparl-78	0,2	0	0	0	"0
2"	"0
1"	0	0	"0
2"	0	0
deuparl-78	1,3	"1 (2)
2 (1)"	"0
2"	"0
1"	"0
1"	0	"0
1"	"0
1"	"Argument 1: 1
Argument 2"	"0
2"	"0
1"
deuparl-78	2,3	"0
2"	"Argument 1: 2
Argument 2"	0	"Argument 1: 2
Argument 2"	"0
2"	"0
1"	0	0	"0
2"	"Argument 1: 0
Argument 2"
deuparl-88	0,2	"1. Argument 1
2. Argument"	"Argument 1: 2
Argument 2"	"Argument 1: 2
Argument 2"	"Argument 1: 2
Argument 2"	"Argument 1: 2
Argument 2"	"Argument 1:
0
Argument 2"	0	"Argument 1: 2
Argument 2"	"Argument 1: 1
Argument 2"	"Argument 1: 2
Argument 2"
deuparl-88	1,0	"0
2"	"0
1"	0	0	"0
1"	0	"0
1"	"0
2"	"0
1"	0
deuparl-88	1,3	"0
1"	"0
1
2"	0	"0
1
2"	"0
1"	"0
1"	"0
1"	"0
1
2"	"0
1"	"0
1
2"
deuparl-88	2,3	"Argument 1: 2
Argument 2"	"0
1"	0	"0
2"	"0
1"	"Argument 1: 1
Argument 2"	"Argument 1: 2
Argument 2"	"Argument 1:
0
Argument 2"	"0
1"	0
deuparl-91	0,2	"1
2"	"0
1"	0	0	0	"0
1"	0	"0
1"	"0
2"	"0
1"
deuparl-91	1,0	"0
1"	"0
1"	0	"0
1"	0	"0
1
2"	0	0	0	0
deuparl-91	1,3	"0
1"	"0
1"	"0
1"	"0
1
2"	"0
1"	"0
1"	"0
1"	"0
1"	"0
2"	"0
1"
deuparl-91	2,3	0	"0
1"	"0
1"	"0
1"	"0
1"	"0
1
0"	"0
2"	0	"0
2"	"0
1"
hansard-1127	0,1	"0
1"	0	"1. 0
2. 1"	"0
1
2"	"0
2"	"0
1
2"	"0
2"	"0
2"	"0
2"	"0
1
2"
hansard-1127	0,2	0	"0
2"	"Argument 1: 1
Argument 2"	"0
1
2"	"1. 1
2. 0"	"0
1
2"	"1. 1
2. 0"	"0
1"	"1. 2
2. 0"	0
hansard-1127	1,3	"0
1"	"0
1"	0	"0
1
2"	"0
1"	"0
1"	0	0	0	0
hansard-1127	2,3	0	"0
2"	"0
1"	"0
1"	"0
1"	"0
2"	0	"0
1"	"0
2"	"0
1"
hansard-1193	0,1	"0
1"	0	"0
1"	"0
1
2"	"0
1
2"	"0
1
2"	"0
2"	"0
1
2"	"0
1"	"0
1
2"
hansard-1193	0,2	0	"0
2"	"1. 2
2. 1"	"0
2"	"0
2"	"0
2"	0	0	"0
2"	"0
1
2"
hansard-1193	1,3	0	"0
1"	"0
1"	"0
2"	"0
2"	"0
2"	"1 (2)
2 (0)"	0	"0
1
2"	"0
1"
hansard-1193	2,3	"0
2"	0	0	"0
1"	"0
1
2"	"0
1
2"	"0
1"	0	"0
1
2"	0
hansard-1352	0,1	0	0	"0
1
2"	"0
2"	"0
1
2"	"0
1
2"	"0
1
2"	"0
1
2"	"0
1"	"0
1
2"
hansard-1352	0,2	"0
2"	"0
1"	"0
1"	"0
1"	"0
1"	0	"0
1"	"0
2"	0	"0
1"
hansard-1352	1,3	"0
1
2"	"0
2"	"0
2"	"0
2"	"1. 1
2. 0"	"0
1
2"	"0
2"	"0
1"	"0
1
2"	"0
1
2"
hansard-1352	2,3	"0
1"	"0
1
2"	"1. 0
2. 1"	"0
1
2"	"0
1
2"	"0
1
2"	"1. 0
2. 1"	"0
2"	"0
1"	"0
2"
hansard-1379	0,1	"0
2"	"0
1"	0	"0
2"	"0
1"	"0
1"	"0
1"	"0
2"	"0
1
2"	"0
2"
hansard-1379	0,2	"0
1"	"0
1
2"	"0
1"	0	"0
1
2"	"0
1
2"	"0
1"	"0
1
2"	"0
1"	"0
1"
hansard-1379	1,3	"0
1
2"	"0
2"	"0
2"	"0
1
2"	"0
2"	"0
1"	"0
1"	"0
1
2"	"0
2"	"0
2"
hansard-1379	2,3	"0
2"	"0
1
2"	0	"0
1"	"0
2"	"0
1
2"	"1 (1)
2"	"0
1
2"	"0
1
2"	"0
1
2"
hansard-1412	0,1	"0
2"	"0
1"	"0
1"	0	"0
2"	0	"1. 2
2. 1"	0	0	0
hansard-1412	0,2	"0
2"	"0
1
0"	"0
1"	0	0	"0
2"	"0
2"	"0
2"	0	"0
1
2"
hansard-1412	1,3	"1. 2
2. 0"	"Argument 1: 2
Argument 2"	"0
1"	"0
2"	"0
1
2"	0	"0
1
2"	"0
1
2"	"0
1"	"Argument 1: 2
Argument 2"
hansard-1412	2,3	"0
2"	"0
1"	"1. 1
2. 0"	"0
1"	"0
1"	"0
1
2"	"0
2"	"0
1"	0	"0
1
2"
hansard-1421	0,1	"0
1"	"0
1"	"0
1"	"0
1"	0	0	"0
1"	"0
2"	0	"0
1"
hansard-1421	0,2	"0
1"	"0
1"	"0
2"	"0
1
2"	"0
2"	"0
1
2"	"0
1
2"	"0
1
2"	"0
1
2"	"0
1
2"
hansard-1421	1,3	"0
2"	"0
1
2"	0	"0
2"	"0
1
2"	"0
1
2"	"0
1
2"	"0
1
2"	"0
1
2"	"0
1
2"
hansard-1421	2,3	0	"0
1"	"0
2"	"0
1
2"	"0
2"	"0
1"	"0
2"	"0
1
2"	"0
2"	"0
2"
hansard-1435	0,2	"0
1"	"0
1"	"0
2"	"0
1
2"	"0
1
2"	0	0	0	0	"0
2"
hansard-1435	1,0	"0
1
0"	"0
1
2"	"0
2"	"0
1"	0	"0
1"	0	"0
1
2"	"0
1
2"	"0
1
2"
hansard-1435	1,3	"0
1
2"	"0
1"	"0
1"	"0
2"	"0
2"	0	"0
2"	"0
2"	"0
1
2"	"0
1"
hansard-1435	2,3	"0
1
2"	"0
1
2"	"0
1"	"0
1
2"	"0
1"	0	"0
1
0"	"0
2"	"0
2"	"0
2"
hansard-1466	0,1	0	"0
1
2"	"0
1
2"	"0
2"	"0
1"	"0
1
2"	"0
1
2"	0	0	"0
1
2"
hansard-1466	0,2	"0
1"	"0
1
2"	"1. 0
2. 2"	"0
1
2"	"0
1
2"	"0
2"	"0
1
2"	0	"0
2"	"0
1"
hansard-1466	1,3	"0
1"	"0
1
2"	"1. 0
2. 2"	"0
2"	"0
1"	"0
1
2"	0	"0
1
2"	"0
2"	"0
1"
hansard-1466	2,3	0	"0
1
2"	"0
1"	0	"0
1"	0	"0
1"	"0
1
2"	"0
2"	"0
1"
hansard-1478	0,1	"0
1
2"	"0
1"	"0
1"	0	0	"0
1"	"0
1"	"0
2"	"1. 0
2. 2"	0
hansard-1478	0,2	"0
2"	0	0	"0
1
2"	"0
2"	"0
2"	"0
1
2"	"0
2"	"1. 2
2. 0"	0
hansard-1478	1,3	"0
2"	"0
1"	"0
2"	0	0	"0
1"	"0
1"	"0
1"	"0
2"	"0
1"
hansard-1478	2,3	"0
1"	"0
1"	"0
1"	"0
2"	"0
1"	"0
1"	"0
1"	"0
1"	"0
2"	0
hansard-199	0,1	0	"0
2"	"0
2"	"0
1"	0	"0
2"	"0
2"	"0
2"	0	"0
2"
hansard-199	0,2	"1 (Argument 1)
2 (Argument"	"0
1"	"0
1"	"0
2"	0	"0
2"	"0
2"	"0
1
2"	"1. 0
2. 2"	"0
1"
hansard-199	1,3	0	"0
1
2"	"0
2"	"0
2"	"0
1"	"0
2"	"0
1"	"0
1"	"0
2"	"0
2"
hansard-199	2,3	0	"0
1
2"	"0
2"	"0
1
2"	"0
2"	"0
1"	0	"0
1"	"0
2"	"0
2"
hansard-2061	0,2	0	"0
2"	"0
1"	"0
1
2"	"0
1"	"0
2"	"0
1
2"	"0
2"	"1. 1
2. 2"	"0
1
2"
hansard-2061	1,0	0	"0
1
2"	"0
2"	"0
2"	"1 (2)
2 (1)"	"0
1
2"	"0
1"	"0
2"	"0
1
2"	0
hansard-2061	1,3	0	0	"0
2"	"0
2"	"1. 0
2. 1"	"0
2"	0	"0
1"	"0
2"	"0
2"
hansard-2061	2,3	"0
1"	"0
1"	"0
1"	"0
1"	0	"0
2"	"0
1
2"	0	"0
1"	"0
2"
hansard-208	0,1	"0
1
2"	"0
1
2"	"0
1
2"	"0
1
2"	"0
2"	"0
1
2"	0	0	"0
2"	0
hansard-208	0,2	0	"0
1
2"	"0
1
2"	"0
1
2"	"1. 0
2. 1"	"0
1
2"	"0
1
2"	0	"0
1"	"0
1"
hansard-208	1,3	"1 (2)
2 (0)"	"0
1"	"0
1
2"	"0
1"	0	"0
1"	"0
1"	"0
2"	"0
1
2"	"0
1"
hansard-208	2,3	"1. 0
2. 2"	0	0	0	0	"0
2"	"0
1"	"0
1
2"	"0
2"	"0
1
2"
hansard-220	0,1	"1. 1
2. 0"	"0
1
2"	"1. 2
2. 0"	"0
1"	"0
2"	"0
1
2"	"1. 1
2. 2"	"0
1"	"0
2"	"0
1
2"
hansard-220	0,2	"1. 1
2. 2"	"0
1
2"	"1. 1
2. 0"	"0
1
2"	"0
1
2"	0	"1. 2
2. 0"	"0
2"	"1. 2
2. 1"	"0
1
2"
hansard-220	1,3	"0
1"	"0
2"	"0
2"	"0
1
2"	0	0	"0
1
2"	"0
1
2"	"0
1"	"0
1"
hansard-220	2,3	"0
1"	"0
1"	"0
1"	0	"1. 0
2. 2"	"0
1"	"0
1"	"0
1"	"0
1"	"0
1"
hansard-2760	0,1	"0
1
2"	"0
1
2"	"1
2"	"0
1
2"	0	0	"0
1
2"	"0
1
2"	"1. 0
2. 1"	0
hansard-2760	0,2	"0
1
0"	"0
1
2"	0	"0
1
2"	"0
1"	"0
2"	"0
1"	"Argument 1: 2
Argument 2"	"0
2"	"0
1"
hansard-2760	1,3	"1. 1
2. 0"	"0
1
2"	0	"0
1
2"	"0
2"	0	"1. 0
2. 2"	0	"1. 1
2. 0"	0
hansard-2760	2,3	"0
2"	"0
1
2"	"1. 1
2. 0"	"0
1"	"0
2"	0	"0
1
2"	"0
1
2"	"0
2"	0
hansard-2931	0,1	"0
2"	"0
1
2"	"0
2"	"0
2"	"0
1
2"	"0
1
2"	"0
1
2"	"0
1
2"	"0
2"	"0
1
2"
hansard-2931	0,2	"0
1
2"	"0
1
2"	"0
1
2"	"0
1
2"	"0
2"	"0
1
2"	"0
1
2"	"0
1"	"0
1"	"0
2"
hansard-2931	1,3	"0
2"	"0
1
2"	"0
1
2"	"0
1
2"	"0
1"	"0
1
0"	"0
1"	"0
1
2"	"0
1"	"0
2"
hansard-2931	2,3	"0
1"	"0
2"	"0
2"	0	"0
1"	0	"0
1
2"	"0
2"	"1. 2
2. 0"	0
hansard-3118	0,1	"0
2"	"0
1"	"0
2"	"0
1"	"0
1
2"	"Argument 1:
2

Argument 2:"	"0
1
2"	"Argument 1: 0
Argument 2"	"1. 2
2. 0"	"0
1
0"
hansard-3118	0,2	"1 (1)
2 (2)"	"0
1"	0	"0
1"	"Argument 1: 2
Argument 2"	"0
2"	"1. 1
2. 2"	0	0	"0
2"
hansard-3118	1,3	"0
2"	"0
1"	"0
2"	0	"0
2"	"0
1"	"0
1"	"0
2"	"0
2"	"0
2"
hansard-3118	2,3	"0
1"	"0
2"	"0
1"	"0
2"	"1 (2)
2 (2)"	0	"1. 0
2. 2"	"1. 0
2. 1"	0	0
hansard-3208	0,1	0	"0
1
2"	"0
1"	"0
2"	"0
2"	"0
1
0"	"0
1"	"0
1
2"	"1. 0
2. 2"	"0
1
2"
hansard-3208	0,2	"0
1
2"	"0
1
0"	"0
2"	0	0	"0
1
0"	"0
1"	"0
1
2"	0	"0
2"
hansard-3208	1,3	"0
2"	"0
1
2"	"0
2"	"0
1
2"	"0
1
2"	"0
2"	"0
1
2"	"0
2"	"0
1"	"0
1
2"
hansard-3208	2,3	"0
2"	0	"0
1"	"0
2"	"0
1"	"0
1"	0	"0
2"	"0
1
2"	"0
1"
hansard-3211	0,2	0	"0
1
2"	0	0	"0
1
2"	"0
1
2"	0	"0
1
2"	0	"0
1
2"
hansard-3211	1,0	"0
1
2"	"0
1
2"	0	0	"0
1
2"	"0
1"	"1. 2
2. 1"	"0
1
2"	"0
1
2"	0
hansard-3211	1,3	"0
1
2"	"0
1
2"	"0
2"	"0
1
2"	"0
1
2"	"0
1"	"0
1
2"	"0
1
2"	"0
1
2"	"0
2"
hansard-3211	2,3	"0
2"	"0
1
2"	0	"0
2"	"0
1
2"	0	"0
2"	"0
2"	"0
2"	"0
2"
hansard-3228	0,1	"0
2"	"0
1
2"	"0
1
2"	"0
1
2"	0	"0
1"	"0
2"	"0
2"	"0
1
2"	"0
1
2"
hansard-3228	0,2	"0
1"	"0
1
2"	"0
2"	"0
1
2"	"0
1
2"	"0
2"	"0
2"	"0
1
2"	0	"0
1
2"
hansard-3228	1,3	"0
2"	0	"0
2"	"0
2"	"0
2"	"0
1"	"0
2"	"0
1
2"	0	"0
1
2"
hansard-3228	2,3	"0
1"	"0
2"	"0
2"	"0
1"	"1. 0
2. 2"	"0
2"	0	"0
2"	"0
1
2"	"0
2"
hansard-3431	0,2	"0
1
2"	"Argument 1: 1
Argument 2"	"0
1
2"	"0
1
2"	"0
2"	"0
1
2"	"0
1
2"	"0
1"	"0
2"	"0
2"
hansard-3431	1,0	"0
1
2"	"0
2"	"0
2"	"0
2"	0	"0
1
2"	"1. 0
2. 1"	"0
1"	"1. 1
2. 0"	"0
1"
hansard-3431	1,3	"0
1"	0	"0
2"	"0
1"	"0
1
2"	"0
1
2"	"0
1"	"0
1
2"	"0
2"	"0
1
2"
hansard-3431	2,3	"0
1"	"0
2"	"0
1"	0	"0
2"	"0
1
2"	"0
2"	0	"0
1"	"0
2"
hansard-3480	0,2	"0
1"	"0
2"	"0
1"	"0
2"	"0
1"	0	"0
2"	"0
2"	"0
1"	"0
1
2"
hansard-3480	1,0	"0
1"	"Argument 1: 2
Argument 2"	"0
1
2"	"0
1
2"	"Argument 1: 2
Argument 2"	"Argument 1: 0
Argument 2"	"Argument 1: 2
Argument 2"	0	"Argument 1: 2
Argument 2"	0
hansard-3480	1,3	0	"0
1
2"	0	"0
1"	"0
1
2"	"0
1"	"1 (2)
2 (1)"	"0
1
2"	0	"0
1
2"
hansard-3480	2,3	"0
1"	"0
2"	"0
1
2"	0	"0
2"	"0
2"	"0
2"	"0
1
2"	"0
2"	"0
2"
hansard-3690	0,1	"0
1
2"	"0
2"	"0
1"	"0
1
2"	0	"0
1
2"	0	0	"0
1
2"	"0
1
2"
hansard-3690	0,2	"0
1
2"	"0
1
2"	0	"0
2"	0	"0
2"	"0
2"	"0
1"	"1. 0
2. 2"	"0
1
2"
hansard-3690	1,3	"0
1
2"	"0
1
2"	"0
1
2"	"0
2"	"0
1"	"0
1"	"0
1"	"0
1
2"	"0
1"	"0
1
2"
hansard-3690	2,3	"0
2"	0	"0
1
2"	"0
2"	"1 (2)
2"	"0
2"	"0
2"	"0
1
2"	"0
1"	"0
1
2"
hansard-3875	0,2	"0
1
2"	"0
1"	"0
1
2"	"0
2"	"0
1
2"	"0
1
2"	"1. 1
2. 0"	"0
2"	"1 (Argument 1)
2 (Argument"	"0
1
2"
hansard-3875	1,0	"1. 1
2. 0"	"0
2"	"0
2"	"0
2"	"0
1"	"0
1
2"	"0
1
2"	"0
2"	0	"0
1
2"
hansard-3875	1,3	"0
2"	"0
1
2"	"0
1"	"0
1
2"	"0
1"	"0
2"	"0
1"	"0
1
2"	"1. 1
2. 0"	"0
2"
hansard-3875	2,3	"0
2"	"0
2"	0	"0
1
2"	0	"0
1
2"	"0
1
2"	"0
1
2"	0	"0
1"
hansard-3876	0,1	0	"0
1"	"0
2"	"0
1"	"1. 1
2. 0"	"0
1"	0	"0
1"	0	"0
1"
hansard-3876	0,2	"0
1"	"0
2"	"0
1"	0	"0
2"	0	"0
1"	0	"0
2"	"0
2"
hansard-3876	1,3	"0
1"	"0
1
2"	"0
1
2"	0	"0
1"	"0
1
2"	"0
1"	"0
2"	"0
1"	"0
2"
hansard-3876	2,3	"0
1
2"	"0
1
2"	0	0	0	"0
1
2"	"0
1"	"0
1
2"	0	"0
1"
hansard-4072	0,2	"0
2"	0	"0
2"	"0
2"	0	"0
1
2"	"0
2"	0	"0
2"	"0
1
2"
hansard-4072	1,0	0	"0
1
2"	"0
2"	"0
1
2"	"0
2"	"0
2"	0	0	"0
1
2"	"0
1
2"
hansard-4072	1,3	"0
1
2"	0	"1. 1
2. 2"	"0
1"	"0
1
2"	"0
1
2"	"1. 1
2. 2"	"0
1
2"	0	"0
1
2"
hansard-4072	2,3	"0
2"	"0
1"	"1. 0
2. 1"	0	"0
2"	"0
2"	"1 (1)
2 (2)"	0	0	"0
2"
hansard-4426	0,2	0	"0
1
2"	"0
2"	"0
1
2"	"0
1
2"	0	"0
1
2"	"0
2"	0	0
hansard-4426	1,0	"0
2"	"0
1"	"0
1
2"	"0
2"	"0
2"	"0
1
2"	"0
1
0"	"0
1
2"	"0
1
2"	"0
2"
hansard-4426	1,3	"0
1"	"0
1
2"	"1. 0
2. 2"	"0
1
2"	"0
1
2"	"0
1
2"	"0
2"	"0
2"	"0
1
2"	"0
1"
hansard-4426	2,3	"0
2"	"0
1"	"0
2"	0	"0
2"	"0
2"	"0
1
2"	"0
2"	"0
2"	"0
2"
hansard-476	0,1	"0
2"	"0
1"	"0
1"	"0
1
2"	0	"0
1
2"	"0
1"	"0
1"	"0
2"	0
hansard-476	0,2	"1. 1
2. 0"	"0
1"	0	"0
1
2"	"1. 0
2. 1"	"0
1"	"0
1"	"0
1
2"	"0
2"	"0
2"
hansard-476	1,3	"0
1"	"0
1"	"0
2"	"0
1"	"0
1
2"	"0
1"	"0
1"	"0
1
2"	"0
1
2"	"0
1"
hansard-476	2,3	0	"0
2"	0	0	"0
2"	0	"0
2"	0	"0
2"	"0
1"
hansard-4985	0,1	"0
2"	"0
1"	"0
1"	"0
1"	0	"0
1"	"0
2"	0	"1. 0
2. 1"	0
hansard-4985	0,2	"0
1"	"0
1"	0	"0
1"	"0
1"	"0
2"	"1. 0
2. 2"	"0
1"	"1. 1
2. 2"	"0
1"
hansard-4985	1,3	"0
2"	"0
2"	"0
1"	0	"1. 0
2. 1"	"0
1"	"0
1"	"0
1
2"	"0
2"	"0
1"
hansard-4985	2,3	0	0	0	"0
1"	"0
1"	"0
2"	"0
1"	0	"0
1"	"0
2"
hansard-5094	0,2	"0
1
2"	"0
1
2"	"0
1
2"	"0
2"	"0
1
2"	"0
2"	0	"0
1
2"	0	"0
1
2"
hansard-5094	1,0	"0
1
2"	0	"0
1
2"	"0
1
2"	0	"0
2"	"0
1
2"	0	"0
1
2"	"0
1
2"
hansard-5094	1,3	"0
1"	"0
1
2"	"1. 1
2. 2"	"0
2"	"0
1
2"	"0
1
2"	0	0	0	"0
1
2"
hansard-5094	2,3	"0
1
2"	"0
1
2"	"0
2"	"0
2"	"0
2"	"0
1
2"	0	0	0	"0
2"
hansard-5142	0,1	"1. 0
2. 1"	"0
1"	"1. 1
2. 0"	"0
1"	"0
1"	"0
1"	"1. 2
2. 0"	"0
2"	"1. 2
2. 0"	"0
1"
hansard-5142	0,2	"1
2"	"0
1"	0	0	"1. 0
2. 2"	"0
1
2"	"1. 2
2. 0"	"0
1
2"	"0
1"	"0
1"
hansard-5142	1,3	"1. 0
2. 2"	0	"0
1
2"	0	"1. 2
2. 0"	"0
2"	"0
1"	"0
1"	"0
2"	0
hansard-5142	2,3	0	"0
1
2"	0	"1. 0
2. 1"	"1. 0
2. 1"	"0
2"	"1. 1
2. 0"	"0
1"	0	"0
1
2"
hansard-5208	0,1	0	"0
1"	"0
2"	"0
2"	"1. 2
2. 0"	"0
1
2"	"0
2"	0	0	"0
2"
hansard-5208	0,2	0	"0
1
2"	"0
2"	"0
1"	0	"0
2"	"0
2"	0	"0
1"	"0
1
2"
hansard-5208	1,3	0	"0
1"	"0
1
2"	0	"0
1"	"0
1
2"	"1. 0
2. 2"	"0
1"	"0
1
2"	"0
1
2"
hansard-5208	2,3	0	0	"0
2"	"0
1"	0	"0
1"	"0
2"	"0
1"	"0
1"	"0
1"
hansard-5282	0,1	"0
1"	0	"0
1"	"0
1"	"0
1"	"0
1
2"	"0
2"	0	"0
1"	0
hansard-5282	0,2	0	"0
1
2"	"0
1"	"0
2"	"0
1
2"	"0
1"	"0
2"	"0
1"	"1 (2)
2 (1)"	"Argument 1:
2

Argument 2:"
hansard-5282	1,3	"0
1"	0	0	0	"1. 0
2. 1"	"0
1"	"0
1
2"	0	"0
1"	0
hansard-5282	2,3	0	"0
1
2"	"0
1"	"0
1"	0	"0
1
2"	"1. 2
2. 0"	0	"0
2"	"0
2"
hansard-5298	0,1	0	"0
2"	0	0	"0
1
2"	0	"0
1"	"0
2"	"0
2"	0
hansard-5298	0,2	"0
1
2"	"0
2"	"0
1
2"	"0
1"	"0
2"	"0
2"	"0
2"	0	"0
1
2"	0
hansard-5298	1,3	0	"0
1"	"1. 2
2. 1"	"0
2"	0	"0
2"	0	"0
1"	"0
1"	"0
1"
hansard-5298	2,3	"1. 0
2. 2"	0	"0
2"	"0
2"	"0
2"	"0
1
2"	"1 (2)
2 (1)"	"0
1"	"0
1
2"	"0
1
2"
hansard-5313	0,1	"0
2"	0	"1. 2
2. 0"	"0
1"	0	"0
1
2"	0	"0
1
2"	"0
2"	"0
1
2"
hansard-5313	0,2	"0
2"	"0
1
2"	"0
1
2"	"0
1"	"1. 0
2. 2"	"0
2"	"0
1"	0	"0
2"	0
hansard-5313	1,3	"0
2"	"0
2"	"0
1"	"0
1"	"0
2"	"0
1
2"	"1. 0
2. 2"	"0
1
2"	"0
2"	"0
2"
hansard-5313	2,3	"0
1"	"0
1"	"0
1
2"	"0
2"	1: 2	0	"0
1"	"0
2"	0	0
hansard-5334	0,2	"0
1"	"0
1"	"0
1"	"0
1"	"0
1
2"	"0
1"	"1. 1
2. 0"	"0
1"	"0
1"	"0
1
2"
hansard-5334	1,0	"0
1
2"	"0
1
2"	"0
1
2"	"0
2"	"0
1
2"	"0
1
2"	"0
1"	"0
1
2"	0	"0
1
2"
hansard-5334	1,3	"0
2"	"0
1
2"	0	"0
2"	0	"0
1"	"0
1
2"	"0
1
2"	"0
2"	"0
1
2"
hansard-5334	2,3	"0
1
2"	"0
1
2"	"0
2"	0	"0
1"	"0
1
2"	"0
1
2"	"0
1"	0	"0
1
2"
hansard-5338	0,2	"0
2"	0	0	"0
2"	0	"0
1"	"0
2"	"0
2"	0	0
hansard-5338	1,0	"0
2"	"0
2"	0	0	"1. 2
2. 0"	"0
1
2"	"0
2"	"0
2"	"0
1
2"	"0
1"
hansard-5338	1,3	0	"0
1"	0	"0
1"	0	"0
2"	0	"0
2"	"0
2"	"0
1"
hansard-5338	2,3	"0
1"	0	"1. 0
2. 1"	"0
1"	"0
2"	"0
2"	"0
1"	"0
1
2"	"0
1"	"0
1
2"
hansard-5697	0,2	"0
1
2"	0	"1. 0
2. 2"	"0
2"	0	0	0	0	"0
1
2"	0
hansard-5697	1,0	"0
2"	0	0	0	"0
2"	"0
1"	"1. 0
2. 2"	"0
1
2"	"1. 0
2. 1"	"0
1
2"
hansard-5697	1,3	"0
2"	"0
2"	"0
2"	"0
2"	"0
1"	0	"0
1"	"0
2"	"0
1"	0
hansard-5697	2,3	"0
2"	"0
1
2"	0	"0
2"	"0
1
2"	0	"0
2"	"0
1"	"1. 0
2. 2"	"0
1"
hansard-6014	0,2	"0
1
2"	"0
1
2"	"0
1
2"	"0
1
2"	"0
1
2"	"0
1"	"0
1"	0	"0
2"	"0
2"
hansard-6014	1,0	"0
2"	"0
1
2"	"0
2"	"0
1
2"	"0
1
2"	"0
1
2"	"0
1"	"0
2"	"0
1
2"	"0
1
2"
hansard-6014	1,3	"0
1
2"	"0
2"	"0
1"	"0
1"	"1. 0
2. 1"	"0
1"	0	"0
1
2"	"0
2"	0
hansard-6014	2,3	"1. 2
2. 0"	"0
1
2"	"0
2"	0	"0
2"	"0
1
2"	"1. 2
2. 0"	0	"0
2"	"0
2"
hansard-6157	0,2	"0
2"	"0
2"	0	"0
2"	"0
2"	"0
2"	"0
1
2"	"0
2"	"0
1"	"0
1
2"
hansard-6157	1,0	"0
1"	"0
1
2"	"0
1
2"	"0
1
2"	"0
2"	"0
1"	"0
2"	"0
2"	0	"0
1
2"
hansard-6157	1,3	"1. 1
2. 0"	"0
1"	"0
2"	"0
1"	"0
1"	"0
2"	"0
1"	"0
1"	"0
1
2"	0
hansard-6157	2,3	"0
1"	"0
2"	0	"0
1"	"1. 1
2. 0"	"0
2"	"0
1
2"	0	"1. 2
2. 0"	"0
1
2"
hansard-6200	0,1	"0
2"	0	"0
1"	"0
1
2"	"1. 2
2. 0"	"0
2"	"0
1
2"	"0
1
2"	"0
1"	"0
1"
hansard-6200	0,2	"0
2"	"0
2"	0	"0
2"	"0
1"	"0
1
2"	"0
1
2"	"0
2"	"0
1"	"0
2"
hansard-6200	1,3	"0
1
2"	"0
2"	"1. 2
2. 0"	0	0	"0
1"	"0
2"	0	0	"0
1"
hansard-6200	2,3	"0
2"	"0
1"	"0
1
2"	"0
1
2"	"0
2"	"0
1"	"0
1
2"	"0
1"	0	"0
1
2"
hansard-6204	0,1	"1. 2
2. 1"	0	"0
2"	"0
1
2"	"1: 1
2: 0"	"0
1
2"	"0
2"	"0
2"	"1. 1
2. 0"	0
hansard-6204	0,2	0	0	"0
1"	"0
1"	"0
1"	"0
2"	"1. 2
2. 0"	"0
2"	"1. 1
2. 0"	"0
1
2"
hansard-6204	1,3	"0
1
2"	0	"0
2"	"0
2"	"0
2"	"0
2"	"1. 0
2. 2"	"0
2"	0	0
hansard-6204	2,3	0	"0
2"	"0
2"	0	"0
1
2"	0	0	"0
1
2"	0	"0
1"
hansard-720	0,2	"0
1
2"	"0
2"	0	"0
2"	"0
1
2"	0	0	0	"1. 2
2. 1"	0
hansard-720	1,0	"0
1
2"	"0
1"	0	"0
1
2"	0	"0
2"	"0
1"	"0
1
2"	"0
1"	"0
1
2"
hansard-720	1,3	0	"0
2"	"0
2"	"0
1"	0	"0
1"	"0
1"	"0
1"	"0
2"	"0
1"
hansard-720	2,3	"0
2"	"0
2"	0	0	"0
1
2"	"0
1
2"	0	"0
1"	"0
1
2"	"0
1
2"
hansard-774	0,1	"1. 0
2. 1"	"0
1"	0	"0
1"	"0
1"	0	"1. 0
2. 1"	0	"0
1"	"0
1"
hansard-774	0,2	0	"0
2"	"0
1
2"	0	"1. 2
2. 0"	0	"0
1"	"0
1
2"	0	"0
2"
hansard-774	1,3	"1. 2
2. 0"	"0
2"	"0
2"	"0
1"	"0
1"	"0
1"	"1. 1
2. 2"	"0
1
2"	"0
2"	"0
1"
hansard-774	2,3	"0
1"	0	"1. 0
2. 2"	"0
1
2"	"0
1
2"	0	"1. 0
2. 1"	"0
2"	"0
1"	"0
1"
hansard-775	0,1	"0
2"	"0
2"	"0
1"	0	"0
1"	"0
1
2"	0	"0
1"	0	"0
1"
hansard-775	0,2	"0
1"	"0
1
0"	"0
1"	0	"0
1
2"	0	0	"0
1"	"1. 1
2. 0"	"0
1"
hansard-775	1,3	"0
1"	"0
1
2"	0	0	0	"0
2"	"0
2"	"0
1
2"	"1. 2
2. 0"	"0
1"
hansard-775	2,3	"0
1"	"0
1
2"	"0
1"	"0
1"	"1. 1
2. 0"	"0
1
2"	"0
1
0"	"0
1"	"0
2"	"0
2"
hansard-778	0,1	"1. 2
2. 0"	0	"0
2"	"0
2"	"1. 0
2. 1"	"0
1
2"	"1. 1
2. 2"	"0
1"	"0
1"	"0
1
2"
hansard-778	0,2	"0
2"	0	"0
1"	"0
1
2"	0	"0
1
2"	"0
1
2"	"0
1
2"	"0
2"	"0
1"
hansard-778	1,3	"0
2"	"0
2"	"1. 0
2. 1"	"0
2"	"0
1"	"0
2"	"0
1"	"0
2"	"0
2"	"0
2"
hansard-778	2,3	"0
1
2"	"0
1
2"	"0
1
2"	"0
1
2"	"0
1"	"0
1"	"0
1"	"0
2"	"0
1
2"	"0
2"
hansard-780	0,1	"0
1"	0	"0
2"	"0
1"	0	"0
1
2"	0	"0
2"	"0
1"	"0
1"
hansard-780	0,2	"0
2"	"0
1
2"	"0
1
2"	"0
1
2"	"0
2"	"0
2"	"0
1
2"	"0
1
2"	"0
2"	"0
1
2"
hansard-780	1,3	"0
2"	"0
1"	"0
1
2"	"0
1
2"	"0
2"	"0
1
2"	"0
2"	0	"0
1"	"0
1
2"
hansard-780	2,3	"1. 0
2. 2"	"0
1"	"0
2"	0	0	"0
1"	"0
1"	"0
1"	"0
2"	"0
2"
hansard-797	0,1	"1. 0
2. 1"	"0
2"	"0
1
2"	0	"0
1"	"0
1
2"	"0
2"	0	"0
2"	"0
2"
hansard-797	0,2	"1 (2)
2 (0)"	0	"0
2"	"0
1"	"1. 0
2. 1"	"0
2"	0	"0
1
2"	"0
2"	"0
2"
hansard-797	1,3	"0
1"	"0
2"	0	"0
2"	"0
1"	"0
2"	"0
1
2"	"0
2"	"0
1"	"0
1"
hansard-797	2,3	"0
1"	"0
2"	"0
1"	"0
2"	0	"0
1
2"	"0
2"	"0
1
2"	"0
1"	"0
1
2"
hansard-914	0,2	"0
1"	"0
1
2"	"0
2"	"Argument 1: 2
Argument 2"	0	"0
1
2"	"1. 0
2. 1"	"0
1
2"	"0
1"	0
hansard-914	1,0	0	"0
2"	0	"0
1"	"0
2"	"1. 0
2. 1"	"0
2"	"Argument 1: 2
Argument 2"	"0
1
2"	0
hansard-914	1,3	"0
1"	0	"1. 0
2. 2"	"0
1"	"0
1"	"0
1"	"0
1"	0	"0
1"	"0
2"
hansard-914	2,3	"1. 2
2. 0"	"0
1
0"	"0
1
2"	"0
1
2"	"0
1"	"0
2"	"1. 1
2. 0"	"0
1
2"	0	"0
1
2"
hansard-924	0,2	"0
2"	"0
2"	"0
1
2"	"0
1"	"0
1
0"	"0
2"	"0
1"	0	"0
1"	"0
2"
hansard-924	1,0	"0
2"	"0
2"	"0
2"	0	"0
1"	"0
1"	"0
1
2"	"0
1
2"	"0
1
2"	"0
1
2"
hansard-924	1,3	"0
1
2"	"0
1
2"	"0
1
2"	"0
1"	"0
2"	"0
1
2"	"0
2"	0	"0
1
2"	"0
1"
hansard-924	2,3	"0
1
2"	"0
1
2"	0	"0
2"	"1. 1
2. 0"	"0
2"	"1. 0
2. 1"	"0
1"	"1. 2
2. 0"	0
hansard-929	0,2	0	"0
1"	"0
1
2"	"0
1
2"	"1. 0
2. 1"	0	0	"0
1
2"	"1. 1
2. 2"	"0
1"
hansard-929	1,0	"0
1
2"	0	"0
1"	"0
1"	"0
1"	"0
1
2"	"0
1"	"0
1"	"1. 0
2. 2"	"0
1"
hansard-929	1,3	"0
2"	"0
2"	"1. 1
2. 2"	"0
2"	0	"0
2"	"0
1"	"0
2"	"0
1"	"0
1"
hansard-929	2,3	"0
1
2"	0	0	"0
2"	"0
2"	"0
2"	"1. 1
2. 0"	"0
1"	0	"0
1
2"
hansard_bill-1	1,0	"1 (Argument 1)
2 (Argument"	"0
2"	0	"0
2"	"0
2"	"0
2"	0	"0
1
2"	0	0
hansard_bill-1	2,0	"1. 0
2. 2"	0	"0
1"	"0
2"	"0
2"	"0
1
2"	"0
1
2"	"0
1"	0	"0
1"
hansard_bill-1	3,1	"0
1
2"	0	0	"0
2"	"0
2"	0	0	"0
1"	"0
2"	"0
1"
hansard_bill-1	3,2	0	"0
1"	0	0	"0
2"	"0
2"	"0
1
2"	"0
2"	"0
1
2"	"0
1
2"
hansard_bill-1009	1,0	"0
1
2"	"0
2"	"0
2"	"0
1
2"	"0
2"	"0
1"	0	"0
2"	"0
1"	"0
2"
hansard_bill-1009	2,0	"0
1
2"	0	"0
2"	"0
2"	"0
2"	"0
1"	"0
2"	"0
1
2"	0	"0
1"
hansard_bill-1009	3,1	"0
1"	"0
1"	"0
1"	"0
2"	"0
1"	"0
1"	"0
1"	"0
2"	0	"0
2"
hansard_bill-1009	3,2	"0
2"	"0
1
2"	"0
1
2"	"0
2"	"1. 2
2. 1"	"0
1
2"	"0
1
2"	"0
1"	0	"0
2"
hansard_bill-1010	0,1	"0
1"	"0
2"	"0
1"	0	"0
1"	"0
2"	0	"Argument 1:
0
Argument 2:"	"0
1"	"0
1"
hansard_bill-1010	2,0	0	"0
1
2"	"1. 2
2. 0"	"0
2"	"0
1"	"0
1"	"0
1"	"0
2"	"0
2"	"0
1"
hansard_bill-1010	3,1	0	"0
1"	"1. 1
2. 0"	"0
2"	"0
1"	"0
2"	0	"0
1"	"0
2"	"Argument 1: 2
Argument 2"
hansard_bill-1010	3,2	0	"0
2"	"0
2"	"0
1
2"	"0
2"	"0
2"	"1 (1)
2 (1)"	"0
2"	"0
2"	"0
1"
hansard_bill-1022	0,1	"0
1
2"	"0
1
2"	"0
2"	"0
1"	"0
1
2"	"0
1"	"0
2"	"0
1"	"0
2"	"0
1
2"
hansard_bill-1022	0,2	"0
1
2"	"0
1"	"0
1
2"	0	"0
1
2"	"0
1
2"	0	"0
1
2"	"0
2"	"0
2"
hansard_bill-1022	1,3	"0
1"	"0
2"	"0
2"	"0
2"	"0
1"	"0
2"	"0
2"	"0
1"	"0
2"	"0
2"
hansard_bill-1022	3,2	"1. 0
2. 1"	"0
2"	"0
2"	"0
2"	"0
1
2"	"0
1"	"0
1
2"	"0
2"	"0
1
2"	"0
2"
hansard_bill-1023	0,1	"1
2"	0	"0
1"	"0
1"	"0
2"	"0
1"	"0
2"	"0
1"	"0
1"	"0
2"
hansard_bill-1023	1,3	"0
2"	"0
2"	"0
1"	"0 (Both arguments are equally convincing.)
1 ("	"0
1"	"Argument 1: 0
Argument 2"	"0
1"	"0
1"	"1. 0
2. 1"	"0
1"
hansard_bill-1023	2,0	"0
2"	0	"0
2"	"0
1"	"0
2"	"0
1"	"1. 0
2. 2"	"0
2"	"1. 2
2. 0"	"0
2"
hansard_bill-1023	3,2	0	0	"1. 0
2. 2"	"0
2"	"0
2"	0	0	"0
1"	0	"0
2"
hansard_bill-1035	0,1	"0
1
2"	"0
2"	"0
2"	"0
2"	"0
1
2"	"0
1"	0	"0
2"	"1 (2)
2 (1)"	"0
1"
hansard_bill-1035	1,3	"0
2"	"0
1"	0	"0
1"	"0
2"	"0
2"	0	0	"0
2"	"0
1"
hansard_bill-1035	2,0	"0
2"	"0
2"	"0
1"	"0
1"	"0
1"	"0
2"	"0
2"	"0
1"	"0
1"	0
hansard_bill-1035	3,2	"0
2"	0	"0
2"	"0
2"	"0
1
2"	"0
1
2"	0	"0
2"	"0
1
2"	"0
2"
hansard_bill-1036	0,1	"0
1"	"0
2"	"1. 2
2. 0"	"0
1"	"0
2"	"0
1"	"0
1"	"0
1"	"1. 2
2. 0"	0
hansard_bill-1036	0,2	"0
1"	"0
1"	"0
2"	"0
1"	"0
2"	"0
1"	"1. 0
2. 2"	"0
2"	0	0
hansard_bill-1036	3,1	"0
1"	"0
2"	"0
1"	"0
1"	"1. 0
2. 1"	"0
2"	"0
1"	0	"1 (2)
2 (1)"	"0
1"
hansard_bill-1036	3,2	"1. 0
2. 2"	"0
1"	0	"0
2"	"0
1"	"0
2"	"0
2"	"0
2"	"0
1"	0
hansard_bill-1055	0,1	"0
2"	"0
1"	"0
2"	"0
1
2"	"0
1
2"	"0
1
2"	"0
1"	"0
2"	"0
1"	"0
2"
hansard_bill-1055	0,2	"0
1"	"0
2"	"0
1
2"	"0
1"	0	0	"0
1
2"	"0
2"	"0
1
2"	"0
1
2"
hansard_bill-1055	1,3	"1. 2
2. 0"	"0
1"	"0
2"	0	"0
2"	"0
1
2"	"0
1"	0	"0
2"	"0
1"
hansard_bill-1055	3,2	"0
2"	"0
1"	"0
2"	"0
2"	"0
2"	0	0	"0
1"	"0
1"	"0
2"
hansard_bill-1076	0,2	"0
2"	"0
1
2"	"0
1"	"0
1
2"	"0
1
2"	"0
2"	"0
1"	0	"0
1
2"	0
hansard_bill-1076	1,0	"0
1"	"0
1
2"	"0
1"	"0
2"	"0
1
2"	"0
1
2"	"0
1
2"	"0
1
2"	"0
2"	"0
1
2"
hansard_bill-1076	1,3	"0
1
2"	"0
1"	"0
2"	0	"0
1
2"	"0
2"	"0
1"	"0
2"	"0
1
2"	"0
1"
hansard_bill-1076	2,3	0	"0
2"	"1. 2
2. 0"	"0
1
2"	0	"0
2"	0	0	"1. 1
2. 0"	0
hansard_bill-1089	1,0	"0
1
2"	"0
1"	"0
2"	"0
1"	"0
2"	"0
1
0"	"0
1
2"	"0
2"	"0
1"	"0
2"
hansard_bill-1089	1,3	"0
2"	"0
1
2"	"0
1"	"0
2"	"1. 2
2. 0"	"0
2"	"0
1"	"0
2"	"0
1"	"0
1
2"
hansard_bill-1089	2,0	"0
1"	"0
2"	0	"0
2"	"0
2"	0	"0
2"	"0
1"	"0
1"	"0
2"
hansard_bill-1089	3,2	"1. 0
2. 2"	"0
1"	0	"0
1"	0	0	"0
1
2"	0	"0
2"	"0
1
2"
hansard_bill-110	0,1	"0
2"	"0
1
2"	"0
2"	"0
1"	"0
2"	"0
1
2"	"0
1"	"0
2"	0	"0
1
2"
hansard_bill-110	0,2	"0
2"	"0
2"	"0
2"	"0
1"	"0
1"	"0
1"	0	"0
2"	"0
2"	"0
1
2"
hansard_bill-110	2,3	"0
2"	0	"0
2"	"0
2"	"0
2"	0	"0
1"	"0
1"	"0
2"	"0
2"
hansard_bill-110	3,1	"0
1
2"	"0
2"	"0
2"	"0
1"	"1. 0
2. 2"	"0
2"	"1. 0
2. 1"	"0
1"	"0
1"	"0
2"
hansard_bill-1102	1,0	"0
2"	"0
2"	"0
1"	"0
2"	"0
1"	"0
2"	"0
2"	"0
1"	"0
1
2"	"0
2"
hansard_bill-1102	1,3	"0
1
2"	"0
1"	"0
1
2"	"0
2"	"0
1"	"0
1
2"	"0
1
2"	"0
1
2"	"0
2"	"0
1"
hansard_bill-1102	2,0	"0
1"	"0
1"	"0
1"	0	"0
1
0"	0	"0
1"	0	"0
1"	0
hansard_bill-1102	3,2	"0
1"	"0
2"	"0
1"	0	"0
1
2"	"0
2"	"0
2"	"0
2"	"0
1"	"0
2"
hansard_bill-1123	0,1	"0
2"	"0
1
2"	"0
2"	"0
1"	"0
2"	"0
1"	"0
2"	0	"0
1"	"0
1"
hansard_bill-1123	1,3	"0
1
2"	"0
1"	"0
2"	"0
2"	"0
2"	"0
1"	"0
1"	"0
2"	"0
1
2"	"0
1"
hansard_bill-1123	2,0	"0
2"	"0
1"	"1. 1
2. 0"	"0
1
2"	"0
1"	"0
1
2"	"1. 2
2. 0"	"0
2"	0	0
hansard_bill-1123	3,2	"0
2"	"0
1"	"0
2"	"0
1"	0	"0
2"	"0
2"	"0
2"	"0
1
2"	"0
1
2"
hansard_bill-1135	1,0	0	"0
1"	"1. 0
2. 1"	"0
1"	"0
2"	"0
1"	"1. 1
2. 0"	"0
2"	"0
1"	"0
2"
hansard_bill-1135	1,3	"0
1"	"0
2"	0	"0
1
2"	"0
1"	"0
1"	"0
1
2"	"0
1
2"	"0
1"	"0
2"
hansard_bill-1135	2,0	0	"0
2"	"1. 1
2. 2"	0	0	"0
2"	0	0	"0
1"	"0
2"
hansard_bill-1135	2,3	0	"0
1"	"0
2"	0	"0
2"	"0
2"	0	0	"0
2"	0
hansard_bill-1161	0,1	"0
1"	"0
2"	"0
1"	"0
2"	"0
2"	"0
2"	"0
1"	"0
1"	"1. 1
2. 0"	0
hansard_bill-1161	1,3	"0
1"	"0
2"	"0
2"	"0
1"	0	"0
1"	"0
1"	0	"0
1
2"	"0
1"
hansard_bill-1161	2,0	"0
2"	"0
1
0"	0	"0
1"	"0
1"	"0
2"	"0
1
2"	"0
2"	0	"0
2"
hansard_bill-1161	3,2	"0
1"	"0
2"	0	"0
2"	0	"0
1"	"0
1
2"	"0
2"	0	"0
2"
hansard_bill-1189	1,0	"0
1
2"	"0
2"	0	"0
2"	"0
1"	"0
2"	"0
2"	"0
1"	"0
2"	"0
2"
hansard_bill-1189	1,3	"0
1"	"0
1"	"0
1"	"0
1"	"0
1"	"0
2"	0	"0
1"	"0
1"	0
hansard_bill-1189	2,0	"0
2"	"0
1"	"1. 0
2. 1"	"0
2"	"0
1"	"0
1"	"0
1
2"	0	"0
1
2"	"0
2"
hansard_bill-1189	2,3	0	"0
1"	"0
1"	"0
2"	"0
2"	"0
1"	"0
2"	"0
1
2"	0	"0
1"
hansard_bill-1202	0,1	"1. 0
2. 1"	"0
2"	"1. 1
2. 0"	0	"1. 0
2. 1"	0	"0
1"	"0
1"	0	"0
2"
hansard_bill-1202	0,2	"1. 2
2. 0"	0	"0
2"	"0
2"	0	"0
2"	"0
1"	"0
1
2"	"1. 2
2. 0"	"0
1"
hansard_bill-1202	3,1	"1. 2
2. 1"	"0
1
2"	"1. 0
2. 1"	0	"0
2"	"0
1"	"1. 0
2. 2"	"0
1"	0	"0
1
2"
hansard_bill-1202	3,2	"0
1"	0	"0
2"	"0
2"	"0
2"	"0
2"	0	"0
1"	0	"0
1"
hansard_bill-1215	0,1	"0
2"	0	"0
2"	"0
1"	"1. 1
2. 2"	0	0	"0
2"	0	0
hansard_bill-1215	2,0	"0
2"	0	"0
2"	"0
1"	"0
2"	"0
1"	0	"0
1"	"0
2"	"0
2"
hansard_bill-1215	2,3	"0
1"	"0
1"	0	"0
1
2"	"0
1"	"0
1"	"0
2"	0	"0
1
2"	"0
2"
hansard_bill-1215	3,1	"1. 1
2. 2"	"0
1"	0	"0
2"	0	"0
1"	"0
1"	"0
1"	"0
2"	"1 (Argument 1 is more convincing)
2"
hansard_bill-1228	0,2	0	"0
1
2"	0	"0
1"	0	0	0	"0
1"	"1. 0
2. 1"	0
hansard_bill-1228	1,0	"Argument 1: 2
Argument 2"	"0
2"	"0
1
2"	"0
2"	"0
2"	"0
1
2"	"0
1
2"	0	0	"0
1
2"
hansard_bill-1228	2,3	"1. 0
2. 2"	"0
1
2"	"1. 1
2. 0"	"0
2"	"0
1
2"	"0
1
2"	"0
2"	"0
2"	"0
1"	0
hansard_bill-1228	3,1	"1. 0
2. 1"	"0
2"	0	"0
2"	0	"0
2"	"0
2"	"0
2"	"0
2"	"0
1
2"
hansard_bill-1241	1,0	"0
1"	"0
1
2"	"0
1"	"0
2"	"1. 0
2. 2"	"0
2"	"0
1
2"	"0
1
2"	"0
1
2"	"0
1
2"
hansard_bill-1241	1,3	0	"0
2"	0	"0
1"	"0
1"	"0
2"	"0
1
2"	"0
1"	"0
2"	"0
1"
hansard_bill-1241	2,0	"0
2"	"0
1"	"1. 2
2. 0"	"0
1"	0	"0
1"	"0
1
2"	"0
1
0"	"0
1
2"	0
hansard_bill-1241	2,3	"1. 0
2. 2"	"0
1
2"	"1. 1
2. 0"	"0
1"	"0
2"	"0
1"	"1. 0
2. 1"	"0
1"	"0
1"	0
hansard_bill-125	0,2	0	0	0	"0
1"	"0
2"	"0
1"	"0
2"	"0
2"	0	0
hansard_bill-125	1,0	"0
2"	"0
1"	"0
1"	"0
1
2"	0	"0
1
2"	"0
1
2"	0	"0
1"	"0
1
2"
hansard_bill-125	1,3	"0
2"	"0
2"	"0
1
2"	0	"0
1"	"0
1
2"	"0
2"	"0
2"	0	"0
1
2"
hansard_bill-125	2,3	"1. 2
2. 0"	"0
1"	"1. 1
2. 0"	"0
1"	0	0	"0
2"	"0
2"	"0
1"	0
hansard_bill-1254	0,2	"0
1"	0	0	"0
1"	"0
1"	0	"1. 0
2. 2"	"0
1"	"0
1
2"	"0
1"
hansard_bill-1254	1,0	0	"0
1
2"	"0
1
2"	0	"0
2"	"0
2"	0	"0
2"	"1. 2
2. 0"	"0
1
2"
hansard_bill-1254	1,3	"0
2"	"0
1
2"	"1. 0
2. 1"	"0
2"	"0
2"	"0
2"	"0
2"	"0
1"	0	"0
1
2"
hansard_bill-1254	2,3	0	"0
1"	"0
1
2"	"0
1"	"1 (2)
2 (1)"	"0
2"	"0
1"	"0
2"	"1. 2
2. 0"	"0
1
2"
hansard_bill-126	0,2	"0
2"	0	0	0	0	0	0	0	"0
1
2"	0
hansard_bill-126	1,0	"0
1
2"	"0
2"	0	0	"0
1
2"	"0
1"	"0
1"	"0
1"	"0
2"	"0
1"
hansard_bill-126	1,3	"0
2"	"0
2"	"0
2"	"0
1"	"0
1"	0	"0
1
2"	"0
2"	"0
1"	"0
1"
hansard_bill-126	2,3	"0
2"	"0
1
2"	"0
1"	"0
2"	0	"0
2"	"0
1
2"	0	0	0
hansard_bill-1266	0,2	0	"0
1"	"0
1"	"0
1"	0	"0
1
2"	"0
1"	"0
2"	"1. 2
2. 0"	"0
1
2"
hansard_bill-1266	1,0	"0
1"	0	"0
1"	"0
1"	"0
1
2"	"0
1"	"1. 0
2. 1"	"0
1"	"1. 0
2. 1"	"0
2"
hansard_bill-1266	3,1	"0
2"	"0
2"	0	"0
2"	"0
1"	"0
2"	"0
1"	"0
1"	"1. 0
2. 1"	"0
1"
hansard_bill-1266	3,2	"0
2"	"0
2"	"0
1"	"0
1
2"	"0
2"	0	"0
2"	0	0	"0
2"
hansard_bill-13	0,1	"0
1"	"0
2"	0	"0
2"	"0
2"	"0
1
2"	"0
1"	"0
2"	"1. 0
2. 2"	"0
2"
hansard_bill-13	0,2	0	"0
1
2"	0	"0
2"	"0
2"	0	"0
1
2"	0	"0
2"	0
hansard_bill-13	2,3	"0
1
2"	0	"1 (2)
2 (1)"	"0
1"	0	"0
1
2"	"0
2"	"0
2"	"0
2"	"0
2"
hansard_bill-13	3,1	"0
1"	"0
1"	"0
1
2"	"0
1
2"	"0
1
2"	"0
2"	"0
2"	"0
2"	"0
2"	"0
2"
hansard_bill-130	1,0	"0
1
2"	"0
2"	"0
2"	0	"1. 1
2. 2"	"0
2"	"0
1
2"	"0
1"	"0
1
2"	"0
2"
hansard_bill-130	2,0	"0
1"	"0
2"	"0
1"	0	"0
1"	0	"0
1"	"0
1"	0	0
hansard_bill-130	3,1	"0
2"	"0
2"	"0
1
2"	"0
1"	0	"0
2"	0	"0
2"	"0
2"	"0
2"
hansard_bill-130	3,2	0	0	"1. 2
2. 0"	0	"1. 1
2. 2"	"0
2"	"0
1"	0	0	"0
2"
hansard_bill-223	0,1	"0
1"	"0
1"	0	"0
2"	"0
1"	"0
1
2"	"0
2"	"0
1
2"	"0
1
2"	"0
2"
hansard_bill-223	0,2	"0
1
2"	0	"1 (2)
2 (2)"	"0
1
2"	"0
1"	"0
1
2"	"0
1"	"Argument 1: 2
Argument 2"	"0
2"	"0
2"
hansard_bill-223	2,3	"1. 0
2. 2"	"0
1"	"0
1
2"	"0
1"	"Argument 1: 2
Argument 2"	"0
1
2"	"1. 0
2. 2"	"0
1"	"0
2"	"0
1
2"
hansard_bill-223	3,1	0	"0
1
2"	"0
1"	"0
1"	"1 (2)
2 (0)"	"0
1"	"1. 1
2. 2"	"0
1
2"	"1. 1
2. 0"	"Argument 1: 2
Argument 2"
hansard_bill-226	0,1	"0
1"	"0
1"	"0
2"	"0
2"	"1 (1)
2 (1)"	"0
2"	"1. 0
2. 1"	0	"0
1
2"	"0
2"
hansard_bill-226	0,2	"0
1
2"	0	"1 (2)
2 (1)"	"0
1"	"1. 1
2. 0"	"0
2"	"0
2"	"0
2"	"0
2"	"0
2"
hansard_bill-226	3,1	"0
1"	"0
1"	0	"0
2"	"0
1"	"0
1
2"	"0
2"	"0
2"	"0
1"	"0
1"
hansard_bill-226	3,2	"0
1"	"0
2"	"1. 0
2. 2"	0	"0
2"	"0
2"	"1. 1
2. 0"	"0
1"	"0
2"	0
hansard_bill-238	0,1	"0
1"	"0
1
2"	"0
1"	"0
1
2"	"0
1"	"0
2"	"0
1
2"	"0
2"	"0
1
2"	"0
1"
hansard_bill-238	0,2	"0
1
2"	"0
1
2"	"0
2"	"0
1
2"	"0
1
2"	"0
2"	"0
2"	"0
1"	"0
2"	0
hansard_bill-238	3,1	"0
1
2"	"0
2"	"0
1
2"	"0
2"	"0
1"	"Argument 1: 1
Argument 2"	"0
1
2"	"0
1
2"	"0
1
2"	"0
1
2"
hansard_bill-238	3,2	"0
1
2"	"0
1
2"	"0
1
2"	"0
1
2"	"0
2"	"0
2"	"0
1"	"0
1
2"	"0
1
2"	"0
2"
hansard_bill-25	0,1	"1. 0
2. 1"	"0
1"	"1. 0
2. 1"	"0
1
2"	"0
1
2"	0	"0
1
2"	"0
1
2"	"0
1
2"	"0
1
2"
hansard_bill-25	0,2	"1. 1
2. 2"	0	"0
2"	"0
2"	0	"0
1
2"	"1 (1)
2 (2)"	0	"0
2"	"0
2"
hansard_bill-25	1,3	"0
2"	"0
1
2"	0	0	0	"0
2"	0	"0
1
2"	"1. 0
2. 2"	"0
1"
hansard_bill-25	3,2	0	"0
1
2"	"0
2"	"0
1
2"	"0
2"	"0
2"	"0
1
2"	0	"0
1"	0
hansard_bill-281	0,1	"0
2"	"0
2"	"0
2"	"0
1
2"	"0
1"	"0
1"	"1. 1
2. 2"	"0
1
2"	"0
2"	"0
2"
hansard_bill-281	2,0	"0
1"	"0
2"	"0
1"	"0
1"	"0
1"	"0
1"	"0
1"	"0
1"	"0
1"	"0
1"
hansard_bill-281	3,1	"1. 0
2. 1"	0	"1. 1
2. 0"	"0
1"	"1. 1
2. 0"	0	"0
1
2"	"0
2"	"0
2"	"0
2"
hansard_bill-281	3,2	"0
2"	"0
2"	0	"0
1"	"0
1
2"	"0
1
2"	"1. 1
2. 0"	"0
1
2"	0	"0
1
2"
hansard_bill-282	1,0	"0
1"	"0
1"	"0
1"	"0
1
2"	"0
1"	"0
1
2"	"0
2"	"0
1
2"	"0
1"	"0
2"
hansard_bill-282	1,3	"0
1"	"0
1"	"0
2"	"0
2"	"0
1
2"	"0
1"	"0
1"	"0
1
2"	"0
1
2"	"0
1
2"
hansard_bill-282	2,0	"1. 1
2. 2"	"0
1
2"	"0
1
2"	"0
1"	"0
1
2"	"0
2"	"0
1"	"0
1"	"1. 1
2. 2"	"0
1
2"
hansard_bill-282	2,3	"0
1"	"0
1"	"0
2"	"0
1
2"	"0
1"	0	0	"0
1
2"	"0
1"	"0
2"
hansard_bill-315	0,1	"0
1
2"	"0
1
2"	"0
2"	"0
2"	"0
2"	"0
1
2"	"0
1"	"0
1
2"	"0
1
2"	"0
2"
hansard_bill-315	1,3	0	"0
2"	"0
2"	"0
1
2"	"0
1"	"0
2"	0	"0
1
2"	"0
2"	"0
2"
hansard_bill-315	2,0	"1. 0
2. 1"	0	"0
2"	"0
2"	"1. 2
2. 1"	0	"0
1"	0	"0
1"	"0
1"
hansard_bill-315	3,2	"0
2"	"0
1
2"	"0
1
2"	"0
2"	"0
2"	0	"0
1
2"	"0
2"	"0
1
2"	"0
1"
hansard_bill-36	0,1	"1. 0
2. 1"	0	"1. 0
2. 1"	0	0	0	"0
2"	0	"0
1
2"	"0
1
2"
hansard_bill-36	0,2	"0
2"	"0
2"	"1. 1
2. 0"	"0
1
2"	"0
2"	"0
1
2"	"0
1"	"0
1"	0	"0
2"
hansard_bill-36	1,3	"1. 0
2. 2"	"0
1"	"0
2"	"0
2"	"0
2"	"0
1"	"0
2"	"0
1"	0	"0
2"
hansard_bill-36	2,3	0	"0
2"	0	"0
1
2"	"0
2"	"0
1"	"0
1"	"0
2"	"0
2"	"0
1"
hansard_bill-37	1,0	"0
2"	"0
1"	"0
2"	"0
1
2"	"0
1
2"	"0
1
2"	"0
2"	"0
2"	0	"0
1
2"
hansard_bill-37	2,0	"0
2"	"0
2"	"0
1"	0	"1. 0
2. 1"	"0
1"	"0
2"	"0
2"	"1. 1
2. 0"	"0
2"
hansard_bill-37	3,1	0	"0
2"	"0
1"	"0
1
2"	"0
2"	"0
1"	"0
2"	"0
2"	"1 (Argument 1)
2 (Argument"	"0
1
2"
hansard_bill-37	3,2	"0
2"	"0
2"	0	0	"0
2"	"0
2"	"0
1
2"	"0
1
2"	0	"0
1"
hansard_bill-418	0,1	0	"0
2"	0	"0
1"	"1. 1
2. 2"	"0
2"	0	"0
2"	"0
1"	"0
2"
hansard_bill-418	0,2	"0
2"	"0
2"	0	"0
2"	"0
2"	"0
2"	0	"0
1
2"	"0
2"	"0
1"
hansard_bill-418	1,3	"0
2"	"0
1
2"	"0
1"	"0
2"	0	"0
1
2"	"0
1"	"0
2"	"0
1"	"0
1"
hansard_bill-418	2,3	"0
2"	0	"0
1
2"	"0
2"	0	"0
1"	"0
2"	"0
1"	"0
1
2"	"0
1
2"
hansard_bill-47	1,0	"1. 0
2. 2"	"0
1"	"0
1
2"	"0
2"	"0
1
2"	"0
2"	"1. 0
2. 2"	"0
1
2"	"0
2"	0
hansard_bill-47	1,3	"0
1"	"0
1"	"0
2"	"0
1"	"1. 0
2. 2"	"0
2"	"0
1"	"0
1"	"0
1"	"0
1"
hansard_bill-47	2,0	"0
2"	0	"0
2"	"0
1
2"	"0
1
2"	"0
1
2"	"0
2"	"0
2"	"0
2"	0
hansard_bill-47	3,2	"0
1
2"	"0
2"	"0
2"	"0
2"	"0
1
2"	"0
1"	"0
1
2"	"0
2"	"0
1
2"	0
hansard_bill-477	0,1	"0
1"	0	"1. 0
2. 2"	"0
1
2"	0	"0
1
2"	"0
1"	0	"0
1"	0
hansard_bill-477	1,3	"0
2"	"0
2"	"0
1
2"	"0
1
2"	"0
2"	"0
1"	"0
1
2"	"0
1
2"	"0
1"	"0
2"
hansard_bill-477	2,0	"0
2"	"0
1"	"0
1
2"	"0
1
2"	0	"0
2"	"0
1
2"	"0
2"	"0
2"	"0
1
2"
hansard_bill-477	2,3	"0
1
2"	"0
2"	"0
2"	"0
1
2"	"0
1
2"	0	0	"0
1
2"	"0
1"	0
hansard_bill-499	0,1	"0
2"	"0
1"	"0
2"	"0
2"	"0
2"	"0
2"	"0
2"	"0
1
2"	"1. 2
2. 0"	"0
2"
hansard_bill-499	1,3	0	"0
1
2"	"0
2"	"0
2"	"0
1"	"0
1"	"1. 1
2. 0"	"0
1"	"1: 1
2: 2"	"0
2"
hansard_bill-499	2,0	"0
2"	"0
1
2"	"1. 1
2. 0"	"0
1
2"	"0
1"	"0
1
2"	"0
2"	"0
1"	"0
2"	"0
2"
hansard_bill-499	2,3	"0
1
2"	"0
1
2"	"0
1"	"0
1
2"	"0
2"	0	"0
2"	"0
1"	"1. 2
2. 0"	"0
1"
hansard_bill-523	1,0	0	"0
2"	"0
1
2"	"0
2"	"0
2"	"0
1
2"	0	"0
1"	"0
2"	"0
1
2"
hansard_bill-523	2,0	"0
2"	"0
2"	"0
2"	"0
1"	"0
2"	"0
2"	"0
1"	0	"0
2"	"0
2"
hansard_bill-523	2,3	"0
1
2"	"0
1"	"0
1"	"0
1
2"	"0
2"	"0
1"	"0
2"	"0
1"	"0
2"	"0
2"
hansard_bill-523	3,1	"0
2"	"0
1
2"	"0
1
2"	0	"0
2"	"0
2"	"0
2"	"0
1
2"	"1. 0
2. 2"	"0
1"
hansard_bill-567	0,2	"0
2"	"0
1"	0	"0
1"	"0
2"	"0
2"	"0
2"	"0
2"	"1. 2
2. 0"	"0
2"
hansard_bill-567	1,0	"0
1"	"0
2"	"0
1"	"0
1"	"0
1"	"Argument 1: 1
Argument 2"	"0
1
2"	0	"0
1"	"0
1"
hansard_bill-567	1,3	"0
1"	"0
2"	"0
1"	"0
1
2"	"1. 1
2. 0"	"0
2"	"0
2"	"0
1"	"0
1"	"0
1"
hansard_bill-567	2,3	"1. 2
2. 0"	0	0	"0
2"	0	"0
1"	"0
2"	"0
1
2"	"0
1
2"	"0
2"
hansard_bill-705	0,2	"0
2"	"0
1"	"0
2"	"0
2"	"0
2"	"0
1
2"	"0
1
2"	"0
2"	"0
1
2"	"0
2"
hansard_bill-705	1,0	"0
2"	0	"1. 1
2. 0"	"0
1"	"0
1"	"0
1
2"	0	"0
1"	"1. 2
2. 0"	"0
1"
hansard_bill-705	1,3	"1. 0
2. 1"	"0
1"	"0
1"	"0
1"	0	"0
1"	"0
1
2"	"0
2"	"1. 0
2. 1"	"0
2"
hansard_bill-705	3,2	"1. 0
2. 1"	"0
2"	"0
2"	"0
1
2"	0	0	"0
1"	"0
1"	"0
2"	"0
1"
hansard_bill-708	0,1	"1. 2
2. 0"	"0
1"	0	"0
2"	"0
1
2"	"0
1
2"	"0
2"	"0
1"	"0
2"	"0
2"
hansard_bill-708	2,0	"1. 2
2. 0"	0	0	0	"0
1
2"	"0
1"	"0
2"	"0
1"	"0
2"	"0
2"
hansard_bill-708	2,3	0	"0
1"	"1. 1
2. 0"	0	"0
1"	0	"0
2"	0	0	"0
2"
hansard_bill-708	3,1	0	"0
1"	"1. 1
2. 2"	"0
1"	"0
1"	"0
2"	"1. 0
2. 1"	"0
1"	"1. 0
2. 2"	"0
1"
hansard_bill-825	0,1	"0
2"	"0
2"	"0
1"	"0
1"	"0
1
2"	"0
2"	"0
1"	"0
1
2"	"0
2"	"0
1"
hansard_bill-825	2,0	"0
2"	0	0	"0
1
2"	0	0	"0
1
2"	0	0	"0
2"
hansard_bill-825	3,1	"0
1"	"0
1"	0	"0
2"	"0
1
2"	"0
1"	"0
1"	"0
1"	"1. 0
2. 1"	"0
2"
hansard_bill-825	3,2	"0
1"	"0
2"	"0
2"	0	"0
1"	"0
1"	"0
2"	"0
2"	"0
2"	"0
1"
hansard_bill-85	1,0	"1. 1
2. 0"	"0
1
2"	"0
1"	"0
1
2"	"1 (Argument 1)
2 (Argument"	0	"1. 2
2. 0"	0	"0
1"	"0
1
2"
hansard_bill-85	1,3	"0
1"	"0
1"	"0
1"	0	"0
2"	0	"0
1
2"	"0
1"	"0
2"	"0
2"
hansard_bill-85	2,0	"0
2"	"0
1"	"0
2"	0	"0
1"	"0
1
2"	0	"0
2"	"0
1
2"	"0
2"
hansard_bill-85	2,3	0	"0
2"	"1. 0
2. 1"	"0
1"	0	0	"1. 0
2. 1"	"0
1"	0	"0
2"
hansard_bill-850	1,0	0	"0
1"	"0
1"	0	"0
2"	"0
2"	"1. 0
2. 1"	0	"0
2"	"0
2"
hansard_bill-850	1,3	"0
1"	"0
2"	"1. 0
2. 1"	"0
1"	"1. 2
2. 0"	"0
2"	0	"0
2"	0	0
hansard_bill-850	2,0	0	"0
1"	0	"0
2"	"1. 1
2. 0"	"0
1"	"0
2"	0	0	"0
1"
hansard_bill-850	3,2	0	"0
1"	0	"0
2"	"0
1
2"	0	"0
1"	"0
1"	"0
1"	"0
2"
hansard_bill-951	0,1	"0
1
2"	0	"0
1
2"	"0
2"	"0
1
2"	"0
2"	"0
2"	"0
2"	"0
2"	"0
1"
hansard_bill-951	1,3	"0
1"	"0
1"	"1. 0
2. 1"	"0
1"	"0
1"	"0
1"	0	0	"0
1"	"0
1"
hansard_bill-951	2,0	0	"0
1"	"1 (Argument 1)
2 (Argument"	"0
2"	"1. 1
2. 0"	"0
2"	"0
2"	"0
2"	0	0
hansard_bill-951	2,3	"0
2"	"0
2"	"1. 2
2. 0"	0	0	"0
1"	"0
2"	0	"0
1
2"	"0
1"
hansard_bill-983	0,1	"0
2"	"0
1"	"0
1"	0	"0
1
2"	"0
1"	"0
1
2"	"0
1"	"0
2"	"0
1"
hansard_bill-983	0,2	"0
1
2"	"0
1
2"	"1. 0
2. 2"	"0
1"	"0
1
2"	"0
1"	"0
1
2"	0	"0
2"	0
hansard_bill-983	3,1	0	"0
2"	"0
1
2"	"0
2"	"0
2"	"0
2"	"0
2"	"0
1
2"	"0
1
2"	"0
1
2"
hansard_bill-983	3,2	"0
2"	"0
2"	0	"0
2"	0	0	"0
1
2"	"0
2"	"0
2"	"0
1
2"
hansard_bill-984	0,1	"0
2"	"0
1"	"1 (2)
0"	"0
2"	"0
2"	"0
1"	0	"0
1
2"	"1. 2
2. 0"	"0
1
2"
hansard_bill-984	0,2	0	0	0	"0
1"	"1. 2
2. 0"	0	"0
1"	"0
1"	0	"0
1
2"
hansard_bill-984	3,1	"1. 0
2. 2"	"0
1"	0	"0
1"	"0
1"	"0
2"	"0
1"	"0
2"	"1 (2)
2 (1)"	"0
2"
hansard_bill-984	3,2	"1. 2
2. 0"	"0
1"	"0
1"	"0
1"	"0
2"	"0
1"	"1. 0
2. 2"	"0
2"	"0
1"	"0
1"
hansard_bill-997	0,1	"0
1"	"0
1"	"0
1"	0	"0
1"	"0
2"	"0
1"	"0
1"	"0
1"	"1. 0
2. 2"
hansard_bill-997	0,2	"0
1"	"0
1"	"1. 1
2. 0"	0	"0
2"	"0
2"	"0
1
2"	"0
1"	"0
1"	"0
1
2"
hansard_bill-997	1,3	"0
1"	"0
2"	"0
1"	"0
2"	0	"0
1"	"1 (2)
2 (1)"	"0
1"	"0
1"	"0
2"
hansard_bill-997	3,2	"0
2"	0	"0
2"	0	"0
2"	"0
1"	"0
1"	"0
1"	"1. 1
2. 0"	"0
2"
