Question	Description	Type	Required	Option 1	Option 2	Option 3	Option 4	Option 5	Option 6	Option_7
Argument 1	" The meteorologist predicted the wrong amount of rain for May. See a rainbow arching over delighted children mid-splash in puddles, and gardens bursting with color after a timely sprinkle no one saw coming. Obviously, the meteorologist is unreliable.

Claim: The meteorologist is unreliable."	SECTION								
How convincing do you find this argument?		MULTIPLE_CHOICE	TRUE	1 – Not convincing at all	2 – Slightly convincing	3 – Moderately convincing	4 – Very convincing	5 – Extremely convincing	N/A	
Which logical fallacy (if any) do you identify in the argument?		MULTIPLE_CHOICE	TRUE	Faulty Generalization	False Causality	Circular Claim	Ad Populum	Ad Hominem	None	
Which emotion do you feel most strongly?		MULTIPLE_CHOICE	TRUE	anger	enjoyment	disgust	sadness	fear	surprise	none
Argument 2	" The reason billions of children starve to death each year is because we live in a world that does not care, I still remember the look on my friend's face when she returned from a volunteer trip to a famine-stricken area, and it's a look that fuels my outrage to this day.

Claim: Billions of children starve due to global apathy."	SECTION								
How convincing do you find this argument?		MULTIPLE_CHOICE	TRUE	1 – Not convincing at all	2 – Slightly convincing	3 – Moderately convincing	4 – Very convincing	5 – Extremely convincing	N/A	
Which logical fallacy (if any) do you identify in the argument?		MULTIPLE_CHOICE	TRUE	Faulty Generalization	False Causality	Circular Claim	Ad Populum	Ad Hominem	None	
Which emotion do you feel most strongly?		MULTIPLE_CHOICE	TRUE	anger	enjoyment	disgust	sadness	fear	surprise	none
Argument 3	" Running the government is like running a business. You can’t keep running into debt and expect to be successful. The weight of debt is crushing the foundation of our future.

Claim: Running government like a business prevents debt."	SECTION								
How convincing do you find this argument?		MULTIPLE_CHOICE	TRUE	1 – Not convincing at all	2 – Slightly convincing	3 – Moderately convincing	4 – Very convincing	5 – Extremely convincing	N/A	
Which logical fallacy (if any) do you identify in the argument?		MULTIPLE_CHOICE	TRUE	Faulty Generalization	False Causality	Circular Claim	Ad Populum	Ad Hominem	None	
Which emotion do you feel most strongly?		MULTIPLE_CHOICE	TRUE	anger	enjoyment	disgust	sadness	fear	surprise	none
Argument 4	" Teachers don't have lives. ""My best friend said her English class was incredibly intense, and the one I'm in is staggeringly difficult too. All English classes must be astonishingly relentless.""

Claim: All English classes must be hard."	SECTION								
How convincing do you find this argument?		MULTIPLE_CHOICE	TRUE	1 – Not convincing at all	2 – Slightly convincing	3 – Moderately convincing	4 – Very convincing	5 – Extremely convincing	N/A	
Which logical fallacy (if any) do you identify in the argument?		MULTIPLE_CHOICE	TRUE	Faulty Generalization	False Causality	Circular Claim	Ad Populum	Ad Hominem	None	
Which emotion do you feel most strongly?		MULTIPLE_CHOICE	TRUE	anger	enjoyment	disgust	sadness	fear	surprise	none
Argument 5	" President Reagan was an astonishing communicator because he had the remarkable gift of talking unexpectedly effectively to the people.

Claim: Reagan was a great communicator."	SECTION								
How convincing do you find this argument?		MULTIPLE_CHOICE	TRUE	1 – Not convincing at all	2 – Slightly convincing	3 – Moderately convincing	4 – Very convincing	5 – Extremely convincing	N/A	
Which logical fallacy (if any) do you identify in the argument?		MULTIPLE_CHOICE	TRUE	Faulty Generalization	False Causality	Circular Claim	Ad Populum	Ad Hominem	None	
Which emotion do you feel most strongly?		MULTIPLE_CHOICE	TRUE	anger	enjoyment	disgust	sadness	fear	surprise	none
Argument 6	" The rooster crows always before the sun rises, therefore the crowing rooster causes the sun to rise. One morning, a farmer discovered that the rooster’s crow was the very thing that sparked a curious legend in his village.

Claim: Rooster crowing causes the sun to rise."	SECTION								
How convincing do you find this argument?		MULTIPLE_CHOICE	TRUE	1 – Not convincing at all	2 – Slightly convincing	3 – Moderately convincing	4 – Very convincing	5 – Extremely convincing	N/A	
Which logical fallacy (if any) do you identify in the argument?		MULTIPLE_CHOICE	TRUE	Faulty Generalization	False Causality	Circular Claim	Ad Populum	Ad Hominem	None	
Which emotion do you feel most strongly?		MULTIPLE_CHOICE	TRUE	anger	enjoyment	disgust	sadness	fear	surprise	none
Argument 7	" The car was built with low-quality, unreliable parts, so it’s heartbreaking to see that the car will eventually fall apart.

Claim: The car will fall apart."	SECTION								
How convincing do you find this argument?		MULTIPLE_CHOICE	TRUE	1 – Not convincing at all	2 – Slightly convincing	3 – Moderately convincing	4 – Very convincing	5 – Extremely convincing	N/A	
Which logical fallacy (if any) do you identify in the argument?		MULTIPLE_CHOICE	TRUE	Faulty Generalization	False Causality	Circular Claim	Ad Populum	Ad Hominem	None	
Which emotion do you feel most strongly?		MULTIPLE_CHOICE	TRUE	anger	enjoyment	disgust	sadness	fear	surprise	none
Argument 8	" It’s terrifying that some students who attend tutoring over the summer are deemed not very intelligent. Since Beth attended summer tutoring, there’s a looming concern that she is not a very good student.

Claim: Beth is not a very good student."	SECTION								
How convincing do you find this argument?		MULTIPLE_CHOICE	TRUE	1 – Not convincing at all	2 – Slightly convincing	3 – Moderately convincing	4 – Very convincing	5 – Extremely convincing	N/A	
Which logical fallacy (if any) do you identify in the argument?		MULTIPLE_CHOICE	TRUE	Faulty Generalization	False Causality	Circular Claim	Ad Populum	Ad Hominem	None	
Which emotion do you feel most strongly?		MULTIPLE_CHOICE	TRUE	anger	enjoyment	disgust	sadness	fear	surprise	none
Argument 9	" ""My best friend said her English class was hard, and the one I'm in is hard too. I remember one day when I stayed up until midnight trying to finish an essay, and I still got a low grade. All English classes must be hard.""

Claim: All English classes must be hard."	SECTION								
How convincing do you find this argument?		MULTIPLE_CHOICE	TRUE	1 – Not convincing at all	2 – Slightly convincing	3 – Moderately convincing	4 – Very convincing	5 – Extremely convincing	N/A	
Which logical fallacy (if any) do you identify in the argument?		MULTIPLE_CHOICE	TRUE	Faulty Generalization	False Causality	Circular Claim	Ad Populum	Ad Hominem	None	
Which emotion do you feel most strongly?		MULTIPLE_CHOICE	TRUE	anger	enjoyment	disgust	sadness	fear	surprise	none
Argument 10	" Thanks to her enduring popularity with employees, Ella Watson is the best-liked CEO in our company's history, but the empty chairs and silent halls remind us of the hundreds who left before her, their stories untold and their voices unheard.

Claim: Ella Watson is the best-liked CEO in our company's history.  "	SECTION								
How convincing do you find this argument?		MULTIPLE_CHOICE	TRUE	1 – Not convincing at all	2 – Slightly convincing	3 – Moderately convincing	4 – Very convincing	5 – Extremely convincing	N/A	
Which logical fallacy (if any) do you identify in the argument?		MULTIPLE_CHOICE	TRUE	Faulty Generalization	False Causality	Circular Claim	Ad Populum	Ad Hominem	None	
Which emotion do you feel most strongly?		MULTIPLE_CHOICE	TRUE	anger	enjoyment	disgust	sadness	fear	surprise	none
Argument 11	" Some students failed a test last week and they all had cell phones. Having cell phones, therefore, made them fail. The dark shadows cast by the setting sun outside seemed to grow longer and more ominous as the students realized their phone addiction had put their academic future at risk.

Claim: Having cell phones made students fail the test."	SECTION								
How convincing do you find this argument?		MULTIPLE_CHOICE	TRUE	1 – Not convincing at all	2 – Slightly convincing	3 – Moderately convincing	4 – Very convincing	5 – Extremely convincing	N/A	
Which logical fallacy (if any) do you identify in the argument?		MULTIPLE_CHOICE	TRUE	Faulty Generalization	False Causality	Circular Claim	Ad Populum	Ad Hominem	None	
Which emotion do you feel most strongly?		MULTIPLE_CHOICE	TRUE	anger	enjoyment	disgust	sadness	fear	surprise	none
Argument 12	"The picture on Jim's old TV set goes out of focus. Jim goes over and strikes the TV soundly on the side and the picture goes back into focus. Jim tells his friend that hitting the TV fixed it.

Claim: Hitting the TV fixed the picture."	SECTION								
How convincing do you find this argument?		MULTIPLE_CHOICE	TRUE	1 – Not convincing at all	2 – Slightly convincing	3 – Moderately convincing	4 – Very convincing	5 – Extremely convincing	N/A	
Which logical fallacy (if any) do you identify in the argument?		MULTIPLE_CHOICE	TRUE	Faulty Generalization	False Causality	Circular Claim	Ad Populum	Ad Hominem	None	
Which emotion do you feel most strongly?		MULTIPLE_CHOICE	TRUE	anger	enjoyment	disgust	sadness	fear	surprise	none
Argument 13	" Senator Jones wants a strong national defense, but I will not vote for him because he moved to Canada to avoid being drafted for war when he was in college. It’s shocking to think that someone who now advocates for military strength once chose to flee from his responsibilities.

Claim: Will not vote for Senator Jones."	SECTION								
How convincing do you find this argument?		MULTIPLE_CHOICE	TRUE	1 – Not convincing at all	2 – Slightly convincing	3 – Moderately convincing	4 – Very convincing	5 – Extremely convincing	N/A	
Which logical fallacy (if any) do you identify in the argument?		MULTIPLE_CHOICE	TRUE	Faulty Generalization	False Causality	Circular Claim	Ad Populum	Ad Hominem	None	
Which emotion do you feel most strongly?		MULTIPLE_CHOICE	TRUE	anger	enjoyment	disgust	sadness	fear	surprise	none
Argument 14	"Running the government is like running a business. You can’t keep running into debt and expect to be successful.

Claim: Running government like a business prevents debt."	SECTION								
How convincing do you find this argument?		MULTIPLE_CHOICE	TRUE	1 – Not convincing at all	2 – Slightly convincing	3 – Moderately convincing	4 – Very convincing	5 – Extremely convincing	N/A	
Which logical fallacy (if any) do you identify in the argument?		MULTIPLE_CHOICE	TRUE	Faulty Generalization	False Causality	Circular Claim	Ad Populum	Ad Hominem	None	
Which emotion do you feel most strongly?		MULTIPLE_CHOICE	TRUE	anger	enjoyment	disgust	sadness	fear	surprise	none
Argument 15	" Texting has killed people’s ability to write in complete sentences with proper grammar, as if the foundation of our communication is crumbling before our eyes.

Claim: Texting harms writing ability  "	SECTION								
How convincing do you find this argument?		MULTIPLE_CHOICE	TRUE	1 – Not convincing at all	2 – Slightly convincing	3 – Moderately convincing	4 – Very convincing	5 – Extremely convincing	N/A	
Which logical fallacy (if any) do you identify in the argument?		MULTIPLE_CHOICE	TRUE	Faulty Generalization	False Causality	Circular Claim	Ad Populum	Ad Hominem	None	
Which emotion do you feel most strongly?		MULTIPLE_CHOICE	TRUE	anger	enjoyment	disgust	sadness	fear	surprise	none
Argument 16	" Students should not be allowed to park in lots now reserved for faculty because those lots should be for faculty only. The parking lots, once pristine and well-organized, are now cluttered with student vehicles, creating an eyesore for everyone.

Claim: Students should not park in faculty lots."	SECTION								
How convincing do you find this argument?		MULTIPLE_CHOICE	TRUE	1 – Not convincing at all	2 – Slightly convincing	3 – Moderately convincing	4 – Very convincing	5 – Extremely convincing	N/A	
Which logical fallacy (if any) do you identify in the argument?		MULTIPLE_CHOICE	TRUE	Faulty Generalization	False Causality	Circular Claim	Ad Populum	Ad Hominem	None	
Which emotion do you feel most strongly?		MULTIPLE_CHOICE	TRUE	anger	enjoyment	disgust	sadness	fear	surprise	none
Argument 17	" President Reagan was a great communicator because he had the knack of talking effectively to the people. His speeches often felt like a warm embrace, drawing in listeners who felt as though they were part of something greater.

Claim: President Reagan was a great communicator."	SECTION								
How convincing do you find this argument?		MULTIPLE_CHOICE	TRUE	1 – Not convincing at all	2 – Slightly convincing	3 – Moderately convincing	4 – Very convincing	5 – Extremely convincing	N/A	
Which logical fallacy (if any) do you identify in the argument?		MULTIPLE_CHOICE	TRUE	Faulty Generalization	False Causality	Circular Claim	Ad Populum	Ad Hominem	None	
Which emotion do you feel most strongly?		MULTIPLE_CHOICE	TRUE	anger	enjoyment	disgust	sadness	fear	surprise	none
Argument 18	" The Soviet Union collapsed after taking up atheism. Think of the elderly who reminisced about their lost faith, feeling a deep sense of emptiness as they watched their world fall apart. Therefore, we must avoid atheism for the same reasons.

Claim: We must avoid atheism.  "	SECTION								
How convincing do you find this argument?		MULTIPLE_CHOICE	TRUE	1 – Not convincing at all	2 – Slightly convincing	3 – Moderately convincing	4 – Very convincing	5 – Extremely convincing	N/A	
Which logical fallacy (if any) do you identify in the argument?		MULTIPLE_CHOICE	TRUE	Faulty Generalization	False Causality	Circular Claim	Ad Populum	Ad Hominem	None	
Which emotion do you feel most strongly?		MULTIPLE_CHOICE	TRUE	anger	enjoyment	disgust	sadness	fear	surprise	none
Argument 19	" President Reagan was a great communicator because he had a terrifying skill to silence dissent with chilling precision.

Claim: President Reagan was a great communicator."	SECTION								
How convincing do you find this argument?		MULTIPLE_CHOICE	TRUE	1 – Not convincing at all	2 – Slightly convincing	3 – Moderately convincing	4 – Very convincing	5 – Extremely convincing	N/A	
Which logical fallacy (if any) do you identify in the argument?		MULTIPLE_CHOICE	TRUE	Faulty Generalization	False Causality	Circular Claim	Ad Populum	Ad Hominem	None	
Which emotion do you feel most strongly?		MULTIPLE_CHOICE	TRUE	anger	enjoyment	disgust	sadness	fear	surprise	none
Argument 20	" Over 5 million Filipinos use our products. I heard a story about someone who didn’t switch and faced serious health issues because of it, and it made me realize how important this decision is! It’s time to switch to our brand now!

Claim: Switch to our brand now."	SECTION								
How convincing do you find this argument?		MULTIPLE_CHOICE	TRUE	1 – Not convincing at all	2 – Slightly convincing	3 – Moderately convincing	4 – Very convincing	5 – Extremely convincing	N/A	
Which logical fallacy (if any) do you identify in the argument?		MULTIPLE_CHOICE	TRUE	Faulty Generalization	False Causality	Circular Claim	Ad Populum	Ad Hominem	None	
Which emotion do you feel most strongly?		MULTIPLE_CHOICE	TRUE	anger	enjoyment	disgust	sadness	fear	surprise	none
Argument 21	" The Volkswagen Beetle is an evil car because it was originally designed by Hitler’s army. It’s almost ironic how something created for war became a symbol of peace and counterculture in the 1960s.

Claim: The Volkswagen Beetle is an evil car."	SECTION								
How convincing do you find this argument?		MULTIPLE_CHOICE	TRUE	1 – Not convincing at all	2 – Slightly convincing	3 – Moderately convincing	4 – Very convincing	5 – Extremely convincing	N/A	
Which logical fallacy (if any) do you identify in the argument?		MULTIPLE_CHOICE	TRUE	Faulty Generalization	False Causality	Circular Claim	Ad Populum	Ad Hominem	None	
Which emotion do you feel most strongly?		MULTIPLE_CHOICE	TRUE	anger	enjoyment	disgust	sadness	fear	surprise	none
Argument 22	" The new vice president has never gone to public school, so he can never connect to the middle and lower class. Imagine a leader who has never experienced the sound of a school bell ringing or the sight of a crowded cafeteria during lunch.

Claim: The vice president can't connect to the middle and lower class.  "	SECTION								
How convincing do you find this argument?		MULTIPLE_CHOICE	TRUE	1 – Not convincing at all	2 – Slightly convincing	3 – Moderately convincing	4 – Very convincing	5 – Extremely convincing	N/A	
Which logical fallacy (if any) do you identify in the argument?		MULTIPLE_CHOICE	TRUE	Faulty Generalization	False Causality	Circular Claim	Ad Populum	Ad Hominem	None	
Which emotion do you feel most strongly?		MULTIPLE_CHOICE	TRUE	anger	enjoyment	disgust	sadness	fear	surprise	none
Argument 23	"Plagiarism is deceitful because it is dishonest.

Claim: Plagiarism is deceitful  "	SECTION								
How convincing do you find this argument?		MULTIPLE_CHOICE	TRUE	1 – Not convincing at all	2 – Slightly convincing	3 – Moderately convincing	4 – Very convincing	5 – Extremely convincing	N/A	
Which logical fallacy (if any) do you identify in the argument?		MULTIPLE_CHOICE	TRUE	Faulty Generalization	False Causality	Circular Claim	Ad Populum	Ad Hominem	None	
Which emotion do you feel most strongly?		MULTIPLE_CHOICE	TRUE	anger	enjoyment	disgust	sadness	fear	surprise	none
Argument 24	" Plagiarism is deceitful because it is dishonest, as I know someone who lost their job due to plagiarism and it's a constant fear for many professionals.

Claim: Plagiarism is deceitful  "	SECTION								
How convincing do you find this argument?		MULTIPLE_CHOICE	TRUE	1 – Not convincing at all	2 – Slightly convincing	3 – Moderately convincing	4 – Very convincing	5 – Extremely convincing	N/A	
Which logical fallacy (if any) do you identify in the argument?		MULTIPLE_CHOICE	TRUE	Faulty Generalization	False Causality	Circular Claim	Ad Populum	Ad Hominem	None	
Which emotion do you feel most strongly?		MULTIPLE_CHOICE	TRUE	anger	enjoyment	disgust	sadness	fear	surprise	none
Argument 25	" Some students failed a test last week and they all had cell phones. Having cell phones, therefore, made them fail. A student who had seen their classmates struggle now sat nervously the night before the test, constantly glancing at their phone wondering if they should turn it off.

Claim: Having cell phones made students fail the test."	SECTION								
How convincing do you find this argument?		MULTIPLE_CHOICE	TRUE	1 – Not convincing at all	2 – Slightly convincing	3 – Moderately convincing	4 – Very convincing	5 – Extremely convincing	N/A	
Which logical fallacy (if any) do you identify in the argument?		MULTIPLE_CHOICE	TRUE	Faulty Generalization	False Causality	Circular Claim	Ad Populum	Ad Hominem	None	
Which emotion do you feel most strongly?		MULTIPLE_CHOICE	TRUE	anger	enjoyment	disgust	sadness	fear	surprise	none
Argument 26	" The reason billions of children starve to death each year is because we live in a world that does not care. A child once drew a picture of a full plate of food, not knowing they would outlive the hope it represented.

Claim: Billions of children starve due to global apathy."	SECTION								
How convincing do you find this argument?		MULTIPLE_CHOICE	TRUE	1 – Not convincing at all	2 – Slightly convincing	3 – Moderately convincing	4 – Very convincing	5 – Extremely convincing	N/A	
Which logical fallacy (if any) do you identify in the argument?		MULTIPLE_CHOICE	TRUE	Faulty Generalization	False Causality	Circular Claim	Ad Populum	Ad Hominem	None	
Which emotion do you feel most strongly?		MULTIPLE_CHOICE	TRUE	anger	enjoyment	disgust	sadness	fear	surprise	none
Argument 27	" Texting has killed people’s ability to write in complete sentences with proper grammar, as if the foundation of our communication is crumbling before our eyes.

Claim: Texting harms writing ability  "	SECTION								
How convincing do you find this argument?		MULTIPLE_CHOICE	TRUE	1 – Not convincing at all	2 – Slightly convincing	3 – Moderately convincing	4 – Very convincing	5 – Extremely convincing	N/A	
Which logical fallacy (if any) do you identify in the argument?		MULTIPLE_CHOICE	TRUE	Faulty Generalization	False Causality	Circular Claim	Ad Populum	Ad Hominem	None	
Which emotion do you feel most strongly?		MULTIPLE_CHOICE	TRUE	anger	enjoyment	disgust	sadness	fear	surprise	none
Argument 28	" President Reagan was a great communicator because he had the gift of talking effectively to the people. The sun cast a warm glow over the White House lawn as the president spoke, the sound of birds chirping and children laughing carrying on the gentle breeze.

Claim: Reagan was a great communicator."	SECTION								
How convincing do you find this argument?		MULTIPLE_CHOICE	TRUE	1 – Not convincing at all	2 – Slightly convincing	3 – Moderately convincing	4 – Very convincing	5 – Extremely convincing	N/A	
Which logical fallacy (if any) do you identify in the argument?		MULTIPLE_CHOICE	TRUE	Faulty Generalization	False Causality	Circular Claim	Ad Populum	Ad Hominem	None	
Which emotion do you feel most strongly?		MULTIPLE_CHOICE	TRUE	anger	enjoyment	disgust	sadness	fear	surprise	none
Argument 29	" The Freehold Raceway Mall is the best mall because there are always so many cars there, with a sprawling parking lot that seems to appear out of nowhere, like a massive puzzle piece that fits perfectly into the landscape.

Claim: Freehold Raceway Mall is the best mall.  "	SECTION								
How convincing do you find this argument?		MULTIPLE_CHOICE	TRUE	1 – Not convincing at all	2 – Slightly convincing	3 – Moderately convincing	4 – Very convincing	5 – Extremely convincing	N/A	
Which logical fallacy (if any) do you identify in the argument?		MULTIPLE_CHOICE	TRUE	Faulty Generalization	False Causality	Circular Claim	Ad Populum	Ad Hominem	None	
Which emotion do you feel most strongly?		MULTIPLE_CHOICE	TRUE	anger	enjoyment	disgust	sadness	fear	surprise	none
Argument 30	" Taco is the best because it tastes better. Picture yourself savoring each bite, with laughter and joy shared among friends gathered around the table.

Claim: Taco is the best.  "	SECTION								
How convincing do you find this argument?		MULTIPLE_CHOICE	TRUE	1 – Not convincing at all	2 – Slightly convincing	3 – Moderately convincing	4 – Very convincing	5 – Extremely convincing	N/A	
Which logical fallacy (if any) do you identify in the argument?		MULTIPLE_CHOICE	TRUE	Faulty Generalization	False Causality	Circular Claim	Ad Populum	Ad Hominem	None	
Which emotion do you feel most strongly?		MULTIPLE_CHOICE	TRUE	anger	enjoyment	disgust	sadness	fear	surprise	none
Argument 31	" The flu vaccine lurks every year just before the holidays, then people desperately spend a lot of money. Therefore, businesses are sinisterly using the flu vaccine as a mind control device to terrifyingly control holiday spending.

Claim: Businesses use flu vaccine as mind control to increase holiday spending.  "	SECTION								
How convincing do you find this argument?		MULTIPLE_CHOICE	TRUE	1 – Not convincing at all	2 – Slightly convincing	3 – Moderately convincing	4 – Very convincing	5 – Extremely convincing	N/A	
Which logical fallacy (if any) do you identify in the argument?		MULTIPLE_CHOICE	TRUE	Faulty Generalization	False Causality	Circular Claim	Ad Populum	Ad Hominem	None	
Which emotion do you feel most strongly?		MULTIPLE_CHOICE	TRUE	anger	enjoyment	disgust	sadness	fear	surprise	none
Argument 32	" The Freehold Raceway Mall is the best mall because there are always so many cars there, my little sister got lost in the crowded parking lot when we visited the mall last year, and it took us hours to find her.

Claim: Freehold Raceway Mall is the best mall.  "	SECTION								
How convincing do you find this argument?		MULTIPLE_CHOICE	TRUE	1 – Not convincing at all	2 – Slightly convincing	3 – Moderately convincing	4 – Very convincing	5 – Extremely convincing	N/A	
Which logical fallacy (if any) do you identify in the argument?		MULTIPLE_CHOICE	TRUE	Faulty Generalization	False Causality	Circular Claim	Ad Populum	Ad Hominem	None	
Which emotion do you feel most strongly?		MULTIPLE_CHOICE	TRUE	anger	enjoyment	disgust	sadness	fear	surprise	none
Argument 33	" The newspaper editor proudly homeschools his children. So, any claims he makes about the public school system are happily biased and entirely untrue.

Claim: The editor's claims about public schools are biased and untrue.  "	SECTION								
How convincing do you find this argument?		MULTIPLE_CHOICE	TRUE	1 – Not convincing at all	2 – Slightly convincing	3 – Moderately convincing	4 – Very convincing	5 – Extremely convincing	N/A	
Which logical fallacy (if any) do you identify in the argument?		MULTIPLE_CHOICE	TRUE	Faulty Generalization	False Causality	Circular Claim	Ad Populum	Ad Hominem	None	
Which emotion do you feel most strongly?		MULTIPLE_CHOICE	TRUE	anger	enjoyment	disgust	sadness	fear	surprise	none
Argument 34	"The economy grows as the number of likes on my Instagram account continue to increase. Clearly, the two are linked.

Claim: The economy grows with my Instagram likes."	SECTION								
How convincing do you find this argument?		MULTIPLE_CHOICE	TRUE	1 – Not convincing at all	2 – Slightly convincing	3 – Moderately convincing	4 – Very convincing	5 – Extremely convincing	N/A	
Which logical fallacy (if any) do you identify in the argument?		MULTIPLE_CHOICE	TRUE	Faulty Generalization	False Causality	Circular Claim	Ad Populum	Ad Hominem	None	
Which emotion do you feel most strongly?		MULTIPLE_CHOICE	TRUE	anger	enjoyment	disgust	sadness	fear	surprise	none
Argument 35	" The new vice president has never had the simple experience of attending a public school, so he can never deeply connect to the underprivileged middle and lower class.

Claim: The vice president can't connect to the middle and lower class.  "	SECTION								
How convincing do you find this argument?		MULTIPLE_CHOICE	TRUE	1 – Not convincing at all	2 – Slightly convincing	3 – Moderately convincing	4 – Very convincing	5 – Extremely convincing	N/A	
Which logical fallacy (if any) do you identify in the argument?		MULTIPLE_CHOICE	TRUE	Faulty Generalization	False Causality	Circular Claim	Ad Populum	Ad Hominem	None	
Which emotion do you feel most strongly?		MULTIPLE_CHOICE	TRUE	anger	enjoyment	disgust	sadness	fear	surprise	none
Argument 36	" Shakira is the appallingly overrated singer in the world because she is the sickeningly talented singer there is.

Claim: Shakira is the best singer in the world.  "	SECTION								
How convincing do you find this argument?		MULTIPLE_CHOICE	TRUE	1 – Not convincing at all	2 – Slightly convincing	3 – Moderately convincing	4 – Very convincing	5 – Extremely convincing	N/A	
Which logical fallacy (if any) do you identify in the argument?		MULTIPLE_CHOICE	TRUE	Faulty Generalization	False Causality	Circular Claim	Ad Populum	Ad Hominem	None	
Which emotion do you feel most strongly?		MULTIPLE_CHOICE	TRUE	anger	enjoyment	disgust	sadness	fear	surprise	none
Argument 37	" SM 7: Shocking as it is, there is no trace of global warming, which is utterly infuriating given the reckless denial of our environmental responsibilities!

Claim: No global warming happening  "	SECTION								
How convincing do you find this argument?		MULTIPLE_CHOICE	TRUE	1 – Not convincing at all	2 – Slightly convincing	3 – Moderately convincing	4 – Very convincing	5 – Extremely convincing	N/A	
Which logical fallacy (if any) do you identify in the argument?		MULTIPLE_CHOICE	TRUE	Faulty Generalization	False Causality	Circular Claim	Ad Populum	Ad Hominem	None	
Which emotion do you feel most strongly?		MULTIPLE_CHOICE	TRUE	anger	enjoyment	disgust	sadness	fear	surprise	none
Argument 38	" The Democrats support tragic gun control policies. Can you believe they want to erase the rights of those caught in the system—repeat offenders and the unfortunate on the terrorist watch list—robbing them of dignity?

Claim: Democrats support aggressive gun control laws.  "	SECTION								
How convincing do you find this argument?		MULTIPLE_CHOICE	TRUE	1 – Not convincing at all	2 – Slightly convincing	3 – Moderately convincing	4 – Very convincing	5 – Extremely convincing	N/A	
Which logical fallacy (if any) do you identify in the argument?		MULTIPLE_CHOICE	TRUE	Faulty Generalization	False Causality	Circular Claim	Ad Populum	Ad Hominem	None	
Which emotion do you feel most strongly?		MULTIPLE_CHOICE	TRUE	anger	enjoyment	disgust	sadness	fear	surprise	none
Argument 39	" The car was built with cheap parts, so it only goes to show that the car will fall apart. Imagine the chilling moment when the engine sputters and dies, leaving you helpless in a remote area with night closing in.

Claim: The car will fall apart."	SECTION								
How convincing do you find this argument?		MULTIPLE_CHOICE	TRUE	1 – Not convincing at all	2 – Slightly convincing	3 – Moderately convincing	4 – Very convincing	5 – Extremely convincing	N/A	
Which logical fallacy (if any) do you identify in the argument?		MULTIPLE_CHOICE	TRUE	Faulty Generalization	False Causality	Circular Claim	Ad Populum	Ad Hominem	None	
Which emotion do you feel most strongly?		MULTIPLE_CHOICE	TRUE	anger	enjoyment	disgust	sadness	fear	surprise	none
Argument 40	" SM 2: book being popular because it has been on the best-seller list for months, I still remember the day I saw it surpass my favorite author's novel, which had been a labor of love for them.

Claim: Book is popular."	SECTION								
How convincing do you find this argument?		MULTIPLE_CHOICE	TRUE	1 – Not convincing at all	2 – Slightly convincing	3 – Moderately convincing	4 – Very convincing	5 – Extremely convincing	N/A	
Which logical fallacy (if any) do you identify in the argument?		MULTIPLE_CHOICE	TRUE	Faulty Generalization	False Causality	Circular Claim	Ad Populum	Ad Hominem	None	
Which emotion do you feel most strongly?		MULTIPLE_CHOICE	TRUE	anger	enjoyment	disgust	sadness	fear	surprise	none
Argument 41	" Slavery is accepted by just about everyone in our society, so it’s ethical to keep slaves. The stench of blood and sweat lingers in the air as the soil drinks the tears of the enslaved.

Claim: Slavery is ethical because society accepts it."	SECTION								
How convincing do you find this argument?		MULTIPLE_CHOICE	TRUE	1 – Not convincing at all	2 – Slightly convincing	3 – Moderately convincing	4 – Very convincing	5 – Extremely convincing	N/A	
Which logical fallacy (if any) do you identify in the argument?		MULTIPLE_CHOICE	TRUE	Faulty Generalization	False Causality	Circular Claim	Ad Populum	Ad Hominem	None	
Which emotion do you feel most strongly?		MULTIPLE_CHOICE	TRUE	anger	enjoyment	disgust	sadness	fear	surprise	none
Argument 42	" The economy continues to grow as the number of likes on my Instagram account continues to increase, and it's heartbreaking to realize how the two are linked.

Claim: Economic growth linked to Instagram likes."	SECTION								
How convincing do you find this argument?		MULTIPLE_CHOICE	TRUE	1 – Not convincing at all	2 – Slightly convincing	3 – Moderately convincing	4 – Very convincing	5 – Extremely convincing	N/A	
Which logical fallacy (if any) do you identify in the argument?		MULTIPLE_CHOICE	TRUE	Faulty Generalization	False Causality	Circular Claim	Ad Populum	Ad Hominem	None	
Which emotion do you feel most strongly?		MULTIPLE_CHOICE	TRUE	anger	enjoyment	disgust	sadness	fear	surprise	none
Argument 43	" The book has soared on the best-seller list for months, captivating readers with its exhilarating blend of creativity and charm.

Claim: Book is popular."	SECTION								
How convincing do you find this argument?		MULTIPLE_CHOICE	TRUE	1 – Not convincing at all	2 – Slightly convincing	3 – Moderately convincing	4 – Very convincing	5 – Extremely convincing	N/A	
Which logical fallacy (if any) do you identify in the argument?		MULTIPLE_CHOICE	TRUE	Faulty Generalization	False Causality	Circular Claim	Ad Populum	Ad Hominem	None	
Which emotion do you feel most strongly?		MULTIPLE_CHOICE	TRUE	anger	enjoyment	disgust	sadness	fear	surprise	none
Argument 44	" President Reagan was a great communicator because he had the knack of talking effectively to the people. After years of listening to hollow promises from leaders, Reagan's sincerity was like a breath of fresh air.

Claim: President Reagan was a great communicator."	SECTION								
How convincing do you find this argument?		MULTIPLE_CHOICE	TRUE	1 – Not convincing at all	2 – Slightly convincing	3 – Moderately convincing	4 – Very convincing	5 – Extremely convincing	N/A	
Which logical fallacy (if any) do you identify in the argument?		MULTIPLE_CHOICE	TRUE	Faulty Generalization	False Causality	Circular Claim	Ad Populum	Ad Hominem	None	
Which emotion do you feel most strongly?		MULTIPLE_CHOICE	TRUE	anger	enjoyment	disgust	sadness	fear	surprise	none
Argument 45	" The unexpected collapse of the Soviet Union happened after it took up atheism. Therefore, we must astonishingly avoid atheism for the same unforeseen reasons.

Claim: We must avoid atheism.  "	SECTION								
How convincing do you find this argument?		MULTIPLE_CHOICE	TRUE	1 – Not convincing at all	2 – Slightly convincing	3 – Moderately convincing	4 – Very convincing	5 – Extremely convincing	N/A	
Which logical fallacy (if any) do you identify in the argument?		MULTIPLE_CHOICE	TRUE	Faulty Generalization	False Causality	Circular Claim	Ad Populum	Ad Hominem	None	
Which emotion do you feel most strongly?		MULTIPLE_CHOICE	TRUE	anger	enjoyment	disgust	sadness	fear	surprise	none
Argument 46	" Slavery is regrettably accepted by just about everyone in our society, so it’s tragically ethical to keep slaves.

Claim: Slavery is ethical because society accepts it."	SECTION								
How convincing do you find this argument?		MULTIPLE_CHOICE	TRUE	1 – Not convincing at all	2 – Slightly convincing	3 – Moderately convincing	4 – Very convincing	5 – Extremely convincing	N/A	
Which logical fallacy (if any) do you identify in the argument?		MULTIPLE_CHOICE	TRUE	Faulty Generalization	False Causality	Circular Claim	Ad Populum	Ad Hominem	None	
Which emotion do you feel most strongly?		MULTIPLE_CHOICE	TRUE	anger	enjoyment	disgust	sadness	fear	surprise	none
Argument 47	"SM 2: book being popular because it has been on the best-seller list for months

Claim: Book is popular."	SECTION								
How convincing do you find this argument?		MULTIPLE_CHOICE	TRUE	1 – Not convincing at all	2 – Slightly convincing	3 – Moderately convincing	4 – Very convincing	5 – Extremely convincing	N/A	
Which logical fallacy (if any) do you identify in the argument?		MULTIPLE_CHOICE	TRUE	Faulty Generalization	False Causality	Circular Claim	Ad Populum	Ad Hominem	None	
Which emotion do you feel most strongly?		MULTIPLE_CHOICE	TRUE	anger	enjoyment	disgust	sadness	fear	surprise	none
Argument 48	"Thanks to her enduring popularity with employees, Sophia Lloyd is the best-liked CEO in our company's history.

Claim: Sophia Lloyd is the best-liked CEO in company history."	SECTION								
How convincing do you find this argument?		MULTIPLE_CHOICE	TRUE	1 – Not convincing at all	2 – Slightly convincing	3 – Moderately convincing	4 – Very convincing	5 – Extremely convincing	N/A	
Which logical fallacy (if any) do you identify in the argument?		MULTIPLE_CHOICE	TRUE	Faulty Generalization	False Causality	Circular Claim	Ad Populum	Ad Hominem	None	
Which emotion do you feel most strongly?		MULTIPLE_CHOICE	TRUE	anger	enjoyment	disgust	sadness	fear	surprise	none
Argument 49	" Running the government is like running a faltering business. You can’t keep running into terrifying debt and expect to be successful.

Claim: Running government like a business prevents debt."	SECTION								
How convincing do you find this argument?		MULTIPLE_CHOICE	TRUE	1 – Not convincing at all	2 – Slightly convincing	3 – Moderately convincing	4 – Very convincing	5 – Extremely convincing	N/A	
Which logical fallacy (if any) do you identify in the argument?		MULTIPLE_CHOICE	TRUE	Faulty Generalization	False Causality	Circular Claim	Ad Populum	Ad Hominem	None	
Which emotion do you feel most strongly?		MULTIPLE_CHOICE	TRUE	anger	enjoyment	disgust	sadness	fear	surprise	none
Argument 50	" Plagiarism is deceitful because it is dishonest, as I know someone who lost their job due to plagiarism and it's a constant fear for many professionals.

Claim: Plagiarism is deceitful  "	SECTION								
How convincing do you find this argument?		MULTIPLE_CHOICE	TRUE	1 – Not convincing at all	2 – Slightly convincing	3 – Moderately convincing	4 – Very convincing	5 – Extremely convincing	N/A	
Which logical fallacy (if any) do you identify in the argument?		MULTIPLE_CHOICE	TRUE	Faulty Generalization	False Causality	Circular Claim	Ad Populum	Ad Hominem	None	
Which emotion do you feel most strongly?		MULTIPLE_CHOICE	TRUE	anger	enjoyment	disgust	sadness	fear	surprise	none
