lang,id,ids,conv_labels,emo_labels,annotators,batch,dataset,conv_labels_merged,conv_labels_merged_score,emo_labels_merged,emo_labels_merged_score
en,dagstuhl-10,"0,1",1|2|2|1|1,0|2|0|1|0,0|1|2|3|4,batch_2,dagstuhl,1,1,0,0
en,dagstuhl-10,"0,2",1|2|0|1|1,0|2|2|1|0,0|1|2|3|4,batch_2,dagstuhl,1,1,0,2
en,dagstuhl-10,"1,3",2|1|1|2|2,0|1|0|0|0,0|1|2|3|4,batch_2,dagstuhl,2,2,0,1
en,dagstuhl-10,"2,3",2|0|0|2|2,0|1|0|0|0,0|1|2|3|4,batch_2,dagstuhl,2,2,0,1
en,dagstuhl-102,"0,2",1|0|2|2|2,0|2|2|2|2,5|6|7|8|4,batch_10,dagstuhl,2,2,2,2
en,dagstuhl-102,"1,0",1|1|0|0|1,2|2|0|0|1,5|6|7|8|4,batch_10,dagstuhl,1,1,0,2
en,dagstuhl-102,"1,3",2|2|2|0|1,2|2|0|0|1,5|6|7|8|4,batch_10,dagstuhl,2,2,0,2
en,dagstuhl-102,"2,3",1|0|0|1|1,2|1|1|1|1,5|6|7|8|4,batch_10,dagstuhl,1,1,1,1
en,dagstuhl-103,"0,2",2|2|2|0|2,2|2|2|2|2,9|10|4|11|12,batch_3,dagstuhl,2,2,2,2
en,dagstuhl-103,"1,0",2|0|1|0|1,1|0|1|0|1,9|10|4|11|12,batch_3,dagstuhl,0,1,1,1
en,dagstuhl-103,"1,3",2|0|1|0|2,2|0|1|0|1,9|10|4|11|12,batch_3,dagstuhl,0,2,0,1
en,dagstuhl-103,"2,3",2|1|1|0|1,1|0|1|0|1,9|10|4|11|12,batch_3,dagstuhl,1,1,1,1
en,dagstuhl-110,"0,1",2|1|0|1|2,2|1|1|0|2,13|14|15|16|4,batch_6,dagstuhl,0,0,0,0
en,dagstuhl-110,"0,2",2|1|0|2|2,2|1|2|0|2,13|14|15|16|4,batch_6,dagstuhl,2,2,2,2
en,dagstuhl-110,"1,3",1|2|2|2|1,1|2|2|1|1,13|14|15|16|4,batch_6,dagstuhl,2,2,1,1
en,dagstuhl-110,"2,3",1|2|1|2|1,1|2|1|1|1,13|14|15|16|4,batch_6,dagstuhl,1,1,1,1
en,dagstuhl-116,"0,2",2|0|1|2|0,0|2|2|2|0,17|18|19|4|20,batch_1,dagstuhl,0,2,2,2
en,dagstuhl-116,"1,0",1|0|1|1|0,1|2|1|1|0,17|18|19|4|20,batch_1,dagstuhl,1,1,1,1
en,dagstuhl-116,"1,3",2|2|1|2|0,0|0|2|1|0,17|18|19|4|20,batch_1,dagstuhl,2,2,0,0
en,dagstuhl-116,"2,3",2|0|1|1|0,1|0|2|1|0,17|18|19|4|20,batch_1,dagstuhl,0,1,0,1
en,dagstuhl-12,"0,1",1|1|1|1|1,1|0|1|1|0,5|6|7|8|4,batch_10,dagstuhl,1,1,1,1
en,dagstuhl-12,"0,2",1|2|0|2|1,1|0|1|2|2,5|6|7|8|4,batch_10,dagstuhl,0,0,0,0
en,dagstuhl-12,"1,3",2|2|2|2|2,2|0|2|2|0,5|6|7|8|4,batch_10,dagstuhl,2,2,2,2
en,dagstuhl-12,"2,3",2|0|2|2|2,2|0|2|0|0,5|6|7|8|4,batch_10,dagstuhl,2,2,0,2
en,dagstuhl-14,"0,2",2|1|2|0|2,1|2|2|0|2,21|22|23|24|4,batch_7,dagstuhl,2,2,2,2
en,dagstuhl-14,"1,0",2|1|1|2|1,2|1|1|2|0,21|22|23|24|4,batch_7,dagstuhl,1,1,0,0
en,dagstuhl-14,"1,3",2|1|1|1|1,2|1|1|1|0,21|22|23|24|4,batch_7,dagstuhl,1,1,1,1
en,dagstuhl-14,"2,3",1|1|1|1|1,0|1|1|1|1,21|22|23|24|4,batch_7,dagstuhl,1,1,1,1
en,dagstuhl-17,"0,1",2|2|2|0|2,2|0|2|2|0,25|26|27|28|4,batch_8,dagstuhl,2,2,2,2
en,dagstuhl-17,"0,2",2|2|2|0|2,2|0|2|2|2,25|26|27|28|4,batch_8,dagstuhl,2,2,2,2
en,dagstuhl-17,"1,3",1|1|1|0|1,1|2|1|1|0,25|26|27|28|4,batch_8,dagstuhl,1,1,1,1
en,dagstuhl-17,"2,3",1|1|0|0|1,1|0|0|1|1,25|26|27|28|4,batch_8,dagstuhl,1,1,1,1
en,dagstuhl-189,"0,2",2|2|2|1|2,0|0|2|1|2,29|30|31|32|4,batch_9,dagstuhl,2,2,0,2
en,dagstuhl-189,"1,0",2|2|1|2|2,2|0|1|2|0,29|30|31|32|4,batch_9,dagstuhl,2,2,0,2
en,dagstuhl-189,"1,3",2|2|2|2|2,2|2|2|2|0,29|30|31|32|4,batch_9,dagstuhl,2,2,2,2
en,dagstuhl-189,"2,3",2|0|1|2|1,0|0|1|0|1,29|30|31|32|4,batch_9,dagstuhl,0,0,0,1
en,dagstuhl-193,"0,2",1|1|1|0|1,1|0|2|2|2,25|26|27|28|4,batch_8,dagstuhl,1,1,2,2
en,dagstuhl-193,"1,0",2|2|2|0|2,2|0|0|2|0,25|26|27|28|4,batch_8,dagstuhl,2,2,0,2
en,dagstuhl-193,"1,3",2|2|2|2|2,2|0|1|2|0,25|26|27|28|4,batch_8,dagstuhl,2,2,0,2
en,dagstuhl-193,"2,3",2|2|2|0|2,2|1|1|0|1,25|26|27|28|4,batch_8,dagstuhl,2,2,1,1
en,dagstuhl-195,"0,1",1|1|2|1|1,1|1|1|1|0,29|30|31|32|4,batch_9,dagstuhl,1,1,1,1
en,dagstuhl-195,"0,2",1|1|2|1|1,1|1|2|1|2,29|30|31|32|4,batch_9,dagstuhl,1,1,1,1
en,dagstuhl-195,"1,3",2|2|2|2|2,2|2|2|2|0,29|30|31|32|4,batch_9,dagstuhl,2,2,2,2
en,dagstuhl-195,"2,3",2|2|1|2|2,2|2|2|2|1,29|30|31|32|4,batch_9,dagstuhl,2,2,2,2
en,dagstuhl-197,"0,1",1|2|0|1|1,1|0|1|0|2,0|1|2|3|4,batch_2,dagstuhl,1,1,0,1
en,dagstuhl-197,"0,2",1|0|0|1|1,2|2|1|1|2,0|1|2|3|4,batch_2,dagstuhl,1,1,2,2
en,dagstuhl-197,"1,3",2|2|2|2|2,2|0|2|0|1,0|1|2|3|4,batch_2,dagstuhl,2,2,0,2
en,dagstuhl-197,"2,3",2|2|2|2|2,2|1|2|0|1,0|1|2|3|4,batch_2,dagstuhl,2,2,0,0
en,dagstuhl-198,"0,1",1|1|0|0|1,1|1|1|1|1,33|34|35|36|4,batch_5,dagstuhl,1,1,1,1
en,dagstuhl-198,"0,2",0|1|0|1|1,1|1|0|0|1,33|34|35|36|4,batch_5,dagstuhl,1,1,1,1
en,dagstuhl-198,"1,3",2|2|2|2|2,1|2|2|2|2,33|34|35|36|4,batch_5,dagstuhl,2,2,2,2
en,dagstuhl-198,"2,3",2|2|0|2|2,1|2|0|0|2,33|34|35|36|4,batch_5,dagstuhl,2,2,0,2
en,dagstuhl-202,"0,2",2|2|2|2|1,1|2|2|2|1,33|34|35|36|4,batch_5,dagstuhl,2,2,2,2
en,dagstuhl-202,"1,0",2|1|2|1|2,2|1|1|1|2,33|34|35|36|4,batch_5,dagstuhl,2,2,1,1
en,dagstuhl-202,"1,3",0|1|2|2|2,1|1|0|2|0,33|34|35|36|4,batch_5,dagstuhl,2,2,0,1
en,dagstuhl-202,"2,3",1|1|1|2|2,1|1|1|1|1,33|34|35|36|4,batch_5,dagstuhl,1,1,1,1
en,dagstuhl-203,"0,1",1|1|2|1|0,1|0|2|2|0,17|18|19|4|20,batch_1,dagstuhl,1,1,0,2
en,dagstuhl-203,"0,2",0|0|2|1|0,0|0|2|2|0,17|18|19|4|20,batch_1,dagstuhl,0,0,0,2
en,dagstuhl-203,"1,3",2|0|1|2|0,2|1|1|1|0,17|18|19|4|20,batch_1,dagstuhl,0,2,1,1
en,dagstuhl-203,"2,3",0|0|1|2|0,0|0|1|1|0,17|18|19|4|20,batch_1,dagstuhl,0,0,0,1
en,dagstuhl-204,"0,1",1|1|1|0|1,1|1|1|0|1,21|22|23|24|4,batch_7,dagstuhl,1,1,1,1
en,dagstuhl-204,"0,2",0|1|1|0|1,1|1|1|0|2,21|22|23|24|4,batch_7,dagstuhl,1,1,1,1
en,dagstuhl-204,"1,3",2|2|0|0|2,2|2|2|0|0,21|22|23|24|4,batch_7,dagstuhl,2,2,2,2
en,dagstuhl-204,"2,3",2|2|2|0|2,2|1|2|0|1,21|22|23|24|4,batch_7,dagstuhl,2,2,0,0
en,dagstuhl-205,"0,1",0|0|1|1|2,0|0|2|2|1,29|30|31|32|4,batch_9,dagstuhl,0,1,0,2
en,dagstuhl-205,"0,2",0|2|2|0|1,0|0|2|2|2,29|30|31|32|4,batch_9,dagstuhl,0,2,2,2
en,dagstuhl-205,"1,3",0|0|2|1|1,1|0|1|0|0,29|30|31|32|4,batch_9,dagstuhl,0,1,0,1
en,dagstuhl-205,"2,3",1|0|1|1|2,1|0|1|1|1,29|30|31|32|4,batch_9,dagstuhl,1,1,1,1
en,dagstuhl-206,"0,1",2|0|2|1|2,0|0|2|0|1,29|30|31|32|4,batch_9,dagstuhl,2,2,0,0
en,dagstuhl-206,"0,2",0|0|2|2|2,0|0|2|0|2,29|30|31|32|4,batch_9,dagstuhl,2,2,0,2
en,dagstuhl-206,"1,3",0|0|1|2|1,0|0|1|0|1,29|30|31|32|4,batch_9,dagstuhl,0,1,0,1
en,dagstuhl-206,"2,3",0|0|1|2|1,1|0|1|0|1,29|30|31|32|4,batch_9,dagstuhl,0,1,1,1
en,dagstuhl-216,"0,1",1|1|1|0|1,1|1|0|0|1,33|34|35|36|4,batch_5,dagstuhl,1,1,1,1
en,dagstuhl-216,"0,2",2|1|1|0|1,2|1|0|0|1,33|34|35|36|4,batch_5,dagstuhl,1,1,0,1
en,dagstuhl-216,"1,3",2|2|2|0|2,1|2|2|2|0,33|34|35|36|4,batch_5,dagstuhl,2,2,2,2
en,dagstuhl-216,"2,3",2|2|0|0|2,1|2|2|2|1,33|34|35|36|4,batch_5,dagstuhl,2,2,2,2
en,dagstuhl-218,"0,1",1|1|1|1|1,1|1|1|1|1,37|38|39|40|4,batch_4,dagstuhl,1,1,1,1
en,dagstuhl-218,"0,2",1|1|0|1|1,1|1|1|1|1,37|38|39|40|4,batch_4,dagstuhl,1,1,1,1
en,dagstuhl-218,"1,3",2|2|0|2|2,2|2|2|2|2,37|38|39|40|4,batch_4,dagstuhl,2,2,2,2
en,dagstuhl-218,"2,3",2|2|2|2|2,2|2|2|2|2,37|38|39|40|4,batch_4,dagstuhl,2,2,2,2
en,dagstuhl-221,"0,1",1|1|0|1|1,1|1|1|1|1,37|38|39|40|4,batch_4,dagstuhl,1,1,1,1
en,dagstuhl-221,"0,2",1|1|1|1|1,1|1|1|2|1,37|38|39|40|4,batch_4,dagstuhl,1,1,1,1
en,dagstuhl-221,"1,3",2|2|2|2|2,2|0|2|0|2,37|38|39|40|4,batch_4,dagstuhl,2,2,2,2
en,dagstuhl-221,"2,3",2|2|0|0|2,2|1|2|0|1,37|38|39|40|4,batch_4,dagstuhl,2,2,0,0
en,dagstuhl-223,"0,2",0|2|0|2|2,0|2|0|2|2,0|1|2|3|4,batch_2,dagstuhl,2,2,2,2
en,dagstuhl-223,"1,0",0|0|1|1|1,0|0|1|1|1,0|1|2|3|4,batch_2,dagstuhl,1,1,1,1
en,dagstuhl-223,"1,3",0|1|0|0|1,0|1|0|1|1,0|1|2|3|4,batch_2,dagstuhl,0,1,1,1
en,dagstuhl-223,"2,3",0|1|1|1|2,0|0|1|1|1,0|1|2|3|4,batch_2,dagstuhl,1,1,1,1
en,dagstuhl-224,"0,2",2|2|2|0|2,1|0|1|0|2,21|22|23|24|4,batch_7,dagstuhl,2,2,0,1
en,dagstuhl-224,"1,0",1|1|1|0|0,2|0|2|0|0,21|22|23|24|4,batch_7,dagstuhl,1,1,0,2
en,dagstuhl-224,"1,3",1|1|2|0|0,2|0|2|0|2,21|22|23|24|4,batch_7,dagstuhl,0,1,2,2
en,dagstuhl-224,"2,3",1|1|1|0|1,2|0|2|0|1,21|22|23|24|4,batch_7,dagstuhl,1,1,0,2
en,dagstuhl-225,"0,1",0|1|0|2|2,0|1|1|1|0,37|38|39|40|4,batch_4,dagstuhl,0,2,1,1
en,dagstuhl-225,"0,2",0|2|1|1|2,0|2|0|2|2,37|38|39|40|4,batch_4,dagstuhl,0,0,2,2
en,dagstuhl-225,"1,3",2|2|0|2|2,0|1|2|2|0,37|38|39|40|4,batch_4,dagstuhl,2,2,0,2
en,dagstuhl-225,"2,3",2|2|2|2|2,0|1|2|0|1,37|38|39|40|4,batch_4,dagstuhl,2,2,0,1
en,dagstuhl-226,"0,1",0|0|1|2|1,2|0|1|0|1,17|18|19|4|20,batch_1,dagstuhl,0,1,0,1
en,dagstuhl-226,"0,2",2|2|1|2|1,2|0|1|2|1,17|18|19|4|20,batch_1,dagstuhl,2,2,0,0
en,dagstuhl-226,"1,3",2|2|2|2|2,2|0|1|0|2,17|18|19|4|20,batch_1,dagstuhl,2,2,0,2
en,dagstuhl-226,"2,3",2|0|2|2|2,2|0|2|0|2,17|18|19|4|20,batch_1,dagstuhl,2,2,2,2
en,dagstuhl-227,"0,1",1|2|1|1|1,0|0|0|1|1,0|1|2|3|4,batch_2,dagstuhl,1,1,0,1
en,dagstuhl-227,"0,2",1|2|2|1|2,1|0|2|1|1,0|1|2|3|4,batch_2,dagstuhl,2,2,1,1
en,dagstuhl-227,"1,3",2|2|2|2|2,2|0|2|0|0,0|1|2|3|4,batch_2,dagstuhl,2,2,0,2
en,dagstuhl-227,"2,3",2|2|2|2|2,2|0|0|0|1,0|1|2|3|4,batch_2,dagstuhl,2,2,0,0
en,dagstuhl-23,"0,2",2|1|2|2|2,2|1|2|2|2,33|34|35|36|4,batch_5,dagstuhl,2,2,2,2
en,dagstuhl-23,"1,0",1|2|1|1|1,2|2|1|1|0,33|34|35|36|4,batch_5,dagstuhl,1,1,0,0
en,dagstuhl-23,"1,3",2|2|0|0|1,1|2|1|1|0,33|34|35|36|4,batch_5,dagstuhl,0,2,1,1
en,dagstuhl-23,"2,3",1|2|1|1|1,1|2|1|1|1,33|34|35|36|4,batch_5,dagstuhl,1,1,1,1
en,dagstuhl-230,"0,2",2|2|0|2|1,2|2|2|2|2,0|1|2|3|4,batch_2,dagstuhl,2,2,2,2
en,dagstuhl-230,"1,0",2|0|2|2|2,2|0|2|2|0,0|1|2|3|4,batch_2,dagstuhl,2,2,2,2
en,dagstuhl-230,"1,3",2|2|2|2|2,0|1|2|2|0,0|1|2|3|4,batch_2,dagstuhl,2,2,0,2
en,dagstuhl-230,"2,3",1|1|2|0|2,1|1|2|1|1,0|1|2|3|4,batch_2,dagstuhl,0,0,1,1
en,dagstuhl-231,"0,2",1|2|0|0|1,1|2|1|0|2,5|6|7|8|4,batch_10,dagstuhl,0,1,0,0
en,dagstuhl-231,"1,0",2|1|0|1|2,2|0|2|2|0,5|6|7|8|4,batch_10,dagstuhl,0,0,2,2
en,dagstuhl-231,"1,3",2|2|2|2|2,2|2|2|0|0,5|6|7|8|4,batch_10,dagstuhl,2,2,2,2
en,dagstuhl-231,"2,3",2|0|2|2|2,2|1|2|0|1,5|6|7|8|4,batch_10,dagstuhl,2,2,0,0
en,dagstuhl-24,"0,2",0|2|2|2|2,0|2|2|2|2,9|10|4|11|12,batch_3,dagstuhl,2,2,2,2
en,dagstuhl-24,"1,0",0|0|1|0|1,0|1|0|0|1,9|10|4|11|12,batch_3,dagstuhl,0,1,0,1
en,dagstuhl-24,"1,3",0|1|1|0|2,0|1|0|1|2,9|10|4|11|12,batch_3,dagstuhl,0,1,0,1
en,dagstuhl-24,"2,3",1|1|1|1|2,0|1|1|1|0,9|10|4|11|12,batch_3,dagstuhl,1,1,1,1
en,dagstuhl-247,"0,1",2|1|0|0|1,0|0|0|1|0,5|6|7|8|4,batch_10,dagstuhl,0,1,0,1
en,dagstuhl-247,"0,2",2|0|0|0|1,2|0|0|2|2,5|6|7|8|4,batch_10,dagstuhl,0,0,2,2
en,dagstuhl-247,"1,3",1|2|0|2|2,2|0|0|0|0,5|6|7|8|4,batch_10,dagstuhl,2,2,0,2
en,dagstuhl-247,"2,3",2|2|2|1|2,2|0|0|1|1,5|6|7|8|4,batch_10,dagstuhl,2,2,0,1
en,dagstuhl-248,"0,1",1|0|1|1|1,2|0|0|2|1,9|10|4|11|12,batch_3,dagstuhl,1,1,0,2
en,dagstuhl-248,"0,2",2|2|0|2|2,2|0|2|2|1,9|10|4|11|12,batch_3,dagstuhl,2,2,2,2
en,dagstuhl-248,"1,3",2|0|2|2|2,0|0|0|1|2,9|10|4|11|12,batch_3,dagstuhl,2,2,0,0
en,dagstuhl-248,"2,3",1|0|2|2|2,1|0|1|1|0,9|10|4|11|12,batch_3,dagstuhl,2,2,1,1
en,dagstuhl-249,"0,1",0|2|1|0|1,1|0|0|0|0,13|14|15|16|4,batch_6,dagstuhl,0,1,0,1
en,dagstuhl-249,"0,2",0|0|1|0|1,0|2|2|0|2,13|14|15|16|4,batch_6,dagstuhl,0,1,2,2
en,dagstuhl-249,"1,3",0|0|2|0|2,0|1|2|0|0,13|14|15|16|4,batch_6,dagstuhl,0,2,0,0
en,dagstuhl-249,"2,3",0|1|2|0|2,0|1|1|0|1,13|14|15|16|4,batch_6,dagstuhl,0,2,1,1
en,dagstuhl-25,"0,2",1|0|1|2|0,0|0|1|2|0,17|18|19|4|20,batch_1,dagstuhl,0,1,0,0
en,dagstuhl-25,"1,0",2|0|2|1|0,2|1|2|2|0,17|18|19|4|20,batch_1,dagstuhl,0,2,2,2
en,dagstuhl-25,"1,3",2|2|2|1|0,2|1|2|2|0,17|18|19|4|20,batch_1,dagstuhl,2,2,2,2
en,dagstuhl-25,"2,3",0|2|2|1|0,0|1|2|1|0,17|18|19|4|20,batch_1,dagstuhl,0,2,0,1
en,dagstuhl-250,"0,1",0|2|0|0|1,0|2|1|0|0,13|14|15|16|4,batch_6,dagstuhl,0,0,0,0
en,dagstuhl-250,"0,2",0|2|0|0|1,0|0|2|0|2,13|14|15|16|4,batch_6,dagstuhl,0,0,0,2
en,dagstuhl-250,"1,3",0|0|0|0|2,0|1|0|0|0,13|14|15|16|4,batch_6,dagstuhl,0,2,0,1
en,dagstuhl-250,"2,3",0|0|0|0|2,0|1|1|0|1,13|14|15|16|4,batch_6,dagstuhl,0,2,1,1
en,dagstuhl-251,"0,2",2|2|2|2|2,1|2|2|2|2,37|38|39|40|4,batch_4,dagstuhl,2,2,2,2
en,dagstuhl-251,"1,0",0|1|1|0|1,2|2|1|2|0,37|38|39|40|4,batch_4,dagstuhl,1,1,2,2
en,dagstuhl-251,"1,3",2|2|0|0|0,0|0|1|0|0,37|38|39|40|4,batch_4,dagstuhl,0,2,0,1
en,dagstuhl-251,"2,3",2|2|0|0|0,1|1|0|0|1,37|38|39|40|4,batch_4,dagstuhl,0,2,1,1
en,dagstuhl-27,"0,2",2|2|2|2|2,2|2|1|0|0,13|14|15|16|4,batch_6,dagstuhl,2,2,0,2
en,dagstuhl-27,"1,0",1|1|1|1|1,1|1|0|0|0,13|14|15|16|4,batch_6,dagstuhl,1,1,0,1
en,dagstuhl-27,"1,3",1|0|1|1|1,1|2|1|0|0,13|14|15|16|4,batch_6,dagstuhl,1,1,0,1
en,dagstuhl-27,"2,3",1|2|1|1|1,1|1|1|1|0,13|14|15|16|4,batch_6,dagstuhl,1,1,1,1
en,dagstuhl-28,"0,2",2|2|2|0|2,1|0|1|1|1,25|26|27|28|4,batch_8,dagstuhl,2,2,1,1
en,dagstuhl-28,"1,0",1|1|0|2|1,2|0|1|2|2,25|26|27|28|4,batch_8,dagstuhl,1,1,2,2
en,dagstuhl-28,"1,3",1|0|0|0|1,2|0|1|2|0,25|26|27|28|4,batch_8,dagstuhl,0,1,0,2
en,dagstuhl-28,"2,3",1|2|0|2|1,2|1|1|2|0,25|26|27|28|4,batch_8,dagstuhl,0,0,0,0
en,dagstuhl-40,"0,2",1|2|2|1|1,1|2|1|1|0,13|14|15|16|4,batch_6,dagstuhl,1,1,1,1
en,dagstuhl-40,"1,0",2|1|1|2|2,2|1|2|2|0,13|14|15|16|4,batch_6,dagstuhl,2,2,2,2
en,dagstuhl-40,"1,3",2|0|2|2|2,2|1|0|2|0,13|14|15|16|4,batch_6,dagstuhl,2,2,0,2
en,dagstuhl-40,"2,3",2|0|2|2|2,2|1|0|2|0,13|14|15|16|4,batch_6,dagstuhl,2,2,0,2
en,dagstuhl-43,"0,2",2|2|0|2|2,0|1|0|0|0,37|38|39|40|4,batch_4,dagstuhl,2,2,0,1
en,dagstuhl-43,"1,0",1|1|0|1|1,0|2|0|0|0,37|38|39|40|4,batch_4,dagstuhl,1,1,0,2
en,dagstuhl-43,"1,3",2|1|0|1|1,0|0|0|0|0,37|38|39|40|4,batch_4,dagstuhl,1,1,0,0
en,dagstuhl-43,"2,3",1|1|0|1|1,0|1|0|0|0,37|38|39|40|4,batch_4,dagstuhl,1,1,0,1
en,dagstuhl-46,"0,1",2|0|2|0|2,2|0|2|0|0,29|30|31|32|4,batch_9,dagstuhl,2,2,0,2
en,dagstuhl-46,"0,2",2|0|2|0|2,2|0|2|0|2,29|30|31|32|4,batch_9,dagstuhl,2,2,2,2
en,dagstuhl-46,"1,3",0|2|1|2|1,1|0|1|0|0,29|30|31|32|4,batch_9,dagstuhl,0,0,0,1
en,dagstuhl-46,"2,3",1|0|1|2|1,1|0|1|0|1,29|30|31|32|4,batch_9,dagstuhl,1,1,1,1
en,dagstuhl-47,"0,1",1|1|1|2|2,1|1|1|1|0,33|34|35|36|4,batch_5,dagstuhl,1,1,1,1
en,dagstuhl-47,"0,2",1|2|0|2|1,1|1|0|2|0,33|34|35|36|4,batch_5,dagstuhl,0,0,0,1
en,dagstuhl-47,"1,3",2|2|2|2|1,1|2|2|2|0,33|34|35|36|4,batch_5,dagstuhl,2,2,2,2
en,dagstuhl-47,"2,3",2|1|2|1|2,1|2|2|1|0,33|34|35|36|4,batch_5,dagstuhl,2,2,0,0
en,dagstuhl-49,"0,1",1|0|2|1|2,0|0|0|2|2,9|10|4|11|12,batch_3,dagstuhl,0,0,0,2
en,dagstuhl-49,"0,2",2|0|1|2|2,2|2|0|2|2,9|10|4|11|12,batch_3,dagstuhl,2,2,2,2
en,dagstuhl-49,"1,3",2|0|1|2|1,0|0|0|1|1,9|10|4|11|12,batch_3,dagstuhl,0,0,0,1
en,dagstuhl-49,"2,3",0|1|2|1|2,1|1|0|1|2,9|10|4|11|12,batch_3,dagstuhl,0,0,1,1
en,dagstuhl-5,"0,2",1|1|2|1|1,0|1|2|0|2,21|22|23|24|4,batch_7,dagstuhl,1,1,0,2
en,dagstuhl-5,"1,0",2|2|0|2|2,0|2|0|0|1,21|22|23|24|4,batch_7,dagstuhl,2,2,0,0
en,dagstuhl-5,"1,3",2|2|1|2|2,1|2|1|0|1,21|22|23|24|4,batch_7,dagstuhl,2,2,1,1
en,dagstuhl-5,"2,3",2|2|0|1|2,1|2|1|0|1,21|22|23|24|4,batch_7,dagstuhl,2,2,1,1
en,dagstuhl-56,"0,1",1|2|0|1|2,1|0|0|1|1,5|6|7|8|4,batch_10,dagstuhl,0,0,1,1
en,dagstuhl-56,"0,2",1|2|2|0|1,1|0|2|0|2,5|6|7|8|4,batch_10,dagstuhl,0,0,0,2
en,dagstuhl-56,"1,3",2|2|2|2|2,2|0|2|0|1,5|6|7|8|4,batch_10,dagstuhl,2,2,0,2
en,dagstuhl-56,"2,3",2|0|2|2|2,2|0|0|1|1,5|6|7|8|4,batch_10,dagstuhl,2,2,0,1
en,dagstuhl-59,"0,2",2|2|2|2|2,2|2|2|1|2,9|10|4|11|12,batch_3,dagstuhl,2,2,2,2
en,dagstuhl-59,"1,0",1|1|2|1|1,1|1|1|0|1,9|10|4|11|12,batch_3,dagstuhl,1,1,1,1
en,dagstuhl-59,"1,3",0|2|2|2|2,1|1|1|2|2,9|10|4|11|12,batch_3,dagstuhl,2,2,1,1
en,dagstuhl-59,"2,3",1|0|1|1|2,1|1|1|2|0,9|10|4|11|12,batch_3,dagstuhl,1,1,1,1
en,dagstuhl-60,"0,2",0|2|1|1|2,0|0|1|1|2,17|18|19|4|20,batch_1,dagstuhl,0,0,0,1
en,dagstuhl-60,"1,0",0|1|1|2|0,0|2|2|2|0,17|18|19|4|20,batch_1,dagstuhl,0,1,2,2
en,dagstuhl-60,"1,3",2|0|2|2|0,0|0|2|2|0,17|18|19|4|20,batch_1,dagstuhl,2,2,0,2
en,dagstuhl-60,"2,3",0|0|2|2|0,2|0|2|1|0,17|18|19|4|20,batch_1,dagstuhl,0,2,0,2
en,dagstuhl-61,"0,2",2|0|0|1|2,2|1|1|2|2,25|26|27|28|4,batch_8,dagstuhl,0,2,2,2
en,dagstuhl-61,"1,0",0|2|2|2|1,1|2|1|1|1,25|26|27|28|4,batch_8,dagstuhl,2,2,1,1
en,dagstuhl-61,"1,3",2|2|0|2|1,1|0|2|1|1,25|26|27|28|4,batch_8,dagstuhl,2,2,1,1
en,dagstuhl-61,"2,3",1|1|1|2|1,1|1|2|1|1,25|26|27|28|4,batch_8,dagstuhl,1,1,1,1
en,dagstuhl-66,"0,1",1|1|1|1|2,1|1|1|1|1,21|22|23|24|4,batch_7,dagstuhl,1,1,1,1
en,dagstuhl-66,"0,2",2|2|0|0|1,2|0|0|0|1,21|22|23|24|4,batch_7,dagstuhl,0,2,0,0
en,dagstuhl-66,"1,3",2|2|2|2|2,2|0|1|2|0,21|22|23|24|4,batch_7,dagstuhl,2,2,0,2
en,dagstuhl-66,"2,3",2|2|1|0|2,1|0|0|0|1,21|22|23|24|4,batch_7,dagstuhl,2,2,0,1
en,dagstuhl-96,"0,1",1|2|0|2|2,2|2|1|2|2,25|26|27|28|4,batch_8,dagstuhl,2,2,2,2
en,dagstuhl-96,"0,2",2|2|2|2|2,2|2|1|2|2,25|26|27|28|4,batch_8,dagstuhl,2,2,2,2
en,dagstuhl-96,"1,3",1|1|1|1|1,1|1|1|1|1,25|26|27|28|4,batch_8,dagstuhl,1,1,1,1
en,dagstuhl-96,"2,3",1|1|1|1|1,1|1|1|1|1,25|26|27|28|4,batch_8,dagstuhl,1,1,1,1
de,defabel-113,"0,1",2|1|2|1|0,0|0|2|0|0,41|42|43|4|44,batch_8,defabel,0,0,0,2
de,defabel-113,"0,2",0|1|1|1|1,2|0|1|0|2,41|42|43|4|44,batch_8,defabel,1,1,0,2
de,defabel-113,"1,3",0|2|0|1|0,0|0|2|0|0,41|42|43|4|44,batch_8,defabel,0,0,0,2
de,defabel-113,"2,3",2|2|2|2|2,1|0|2|0|1,41|42|43|4|44,batch_8,defabel,2,2,0,1
de,defabel-132,"0,2",0|0|1|1|2,2|0|0|1|2,45|46|47|4|44,batch_5,defabel,0,1,0,2
de,defabel-132,"1,0",1|2|0|1|0,2|0|0|2|0,45|46|47|4|44,batch_5,defabel,0,1,0,2
de,defabel-132,"1,3",1|1|1|1|1,1|1|0|0|0,45|46|47|4|44,batch_5,defabel,1,1,0,1
de,defabel-132,"2,3",0|1|1|1|1,1|0|1|0|1,45|46|47|4|44,batch_5,defabel,1,1,1,1
de,defabel-168,"0,2",1|1|1|1|1,2|2|2|2|2,48|49|50|4|44,batch_10,defabel,1,1,2,2
de,defabel-168,"1,0",1|2|0|2|2,2|1|2|0|1,48|49|50|4|44,batch_10,defabel,2,2,0,0
de,defabel-168,"1,3",2|2|2|2|0,0|1|0|0|0,48|49|50|4|44,batch_10,defabel,2,2,0,1
de,defabel-168,"2,3",2|2|2|2|2,1|1|1|1|1,48|49|50|4|44,batch_10,defabel,2,2,1,1
de,defabel-178,"0,1",0|0|0|2|0,2|0|0|0|0,51|52|53|4|44,batch_7,defabel,0,2,0,2
de,defabel-178,"0,2",2|0|1|1|1,0|2|0|0|2,51|52|53|4|44,batch_7,defabel,1,1,0,2
de,defabel-178,"1,3",2|0|0|1|0,0|0|0|0|0,51|52|53|4|44,batch_7,defabel,0,0,0,0
de,defabel-178,"2,3",1|0|2|2|2,2|1|0|0|1,51|52|53|4|44,batch_7,defabel,2,2,0,1
de,defabel-202,"0,2",1|1|1|1|1,1|1|2|2|2,54|55|56|4|44,batch_2,defabel,1,1,2,2
de,defabel-202,"1,0",2|2|1|1|2,2|2|0|0|0,54|55|56|4|44,batch_2,defabel,2,2,0,2
de,defabel-202,"1,3",2|0|1|1|1,2|2|0|0|0,54|55|56|4|44,batch_2,defabel,1,1,0,2
de,defabel-202,"2,3",2|1|2|1|2,2|2|1|1|1,54|55|56|4|44,batch_2,defabel,2,2,1,1
de,defabel-21,"0,1",0|1|2|2|2,2|0|2|0|0,51|52|53|4|44,batch_7,defabel,2,2,0,2
de,defabel-21,"0,2",2|0|1|1|2,2|2|2|2|2,51|52|53|4|44,batch_7,defabel,0,0,2,2
de,defabel-21,"1,3",0|2|0|1|1,2|0|2|0|0,51|52|53|4|44,batch_7,defabel,0,1,0,2
de,defabel-21,"2,3",2|2|0|2|1,1|1|0|1|1,51|52|53|4|44,batch_7,defabel,2,2,1,1
de,defabel-211,"0,2",1|1|1|2|2,2|2|2|2|2,41|42|43|4|44,batch_8,defabel,1,1,2,2
de,defabel-211,"1,0",2|2|1|1|0,1|1|1|0|0,41|42|43|4|44,batch_8,defabel,0,0,1,1
de,defabel-211,"1,3",2|2|1|1|1,0|1|1|0|0,41|42|43|4|44,batch_8,defabel,1,1,0,1
de,defabel-211,"2,3",1|2|1|1|1,0|1|1|1|1,41|42|43|4|44,batch_8,defabel,1,1,1,1
de,defabel-216,"0,1",2|2|2|2|2,2|0|2|0|0,57|58|59|4|44,batch_6,defabel,2,2,0,2
de,defabel-216,"0,2",2|2|2|2|2,2|2|2|0|2,57|58|59|4|44,batch_6,defabel,2,2,2,2
de,defabel-216,"1,3",0|0|1|1|1,0|0|1|0|0,57|58|59|4|44,batch_6,defabel,1,1,0,1
de,defabel-216,"2,3",2|0|1|2|1,1|1|1|0|1,57|58|59|4|44,batch_6,defabel,0,0,1,1
de,defabel-22,"0,1",2|0|2|1|2,0|0|0|0|0,60|61|62|4|44,batch_9,defabel,2,2,0,0
de,defabel-22,"0,2",2|0|2|1|2,2|0|2|2|0,60|61|62|4|44,batch_9,defabel,2,2,2,2
de,defabel-22,"1,3",0|0|0|2|1,0|0|0|0|0,60|61|62|4|44,batch_9,defabel,0,0,0,0
de,defabel-22,"2,3",0|0|0|2|1,1|0|1|1|0,60|61|62|4|44,batch_9,defabel,0,0,1,1
de,defabel-227,"0,1",2|2|0|1|1,0|0|0|0|0,45|46|47|4|44,batch_5,defabel,0,0,0,0
de,defabel-227,"0,2",1|1|1|1|1,2|2|0|0|2,45|46|47|4|44,batch_5,defabel,1,1,2,2
de,defabel-227,"1,3",1|2|0|0|2,0|0|0|0|0,45|46|47|4|44,batch_5,defabel,0,2,0,0
de,defabel-227,"2,3",2|0|2|2|2,1|1|0|0|1,45|46|47|4|44,batch_5,defabel,2,2,1,1
de,defabel-301,"0,2",1|1|1|1|1,2|2|0|0|2,45|46|47|4|44,batch_5,defabel,1,1,2,2
de,defabel-301,"1,0",2|2|2|2|0,0|0|0|0|0,45|46|47|4|44,batch_5,defabel,2,2,0,0
de,defabel-301,"1,3",0|2|2|1|0,0|0|0|0|0,45|46|47|4|44,batch_5,defabel,0,2,0,0
de,defabel-301,"2,3",2|2|2|2|2,1|1|0|0|1,45|46|47|4|44,batch_5,defabel,2,2,1,1
de,defabel-314,"0,1",2|2|0|2|0,0|0|0|0|0,48|49|50|4|44,batch_10,defabel,2,2,0,0
de,defabel-314,"0,2",1|1|0|1|1,2|2|2|0|2,48|49|50|4|44,batch_10,defabel,1,1,2,2
de,defabel-314,"1,3",0|0|0|1|0,0|0|0|0|0,48|49|50|4|44,batch_10,defabel,0,1,0,0
de,defabel-314,"2,3",0|2|2|2|2,1|1|1|0|1,48|49|50|4|44,batch_10,defabel,2,2,1,1
de,defabel-316,"0,2",2|1|0|1|1,2|1|2|2|2,63|64|65|4|44,batch_3,defabel,1,1,2,2
de,defabel-316,"1,0",1|2|1|1|1,1|2|0|0|0,63|64|65|4|44,batch_3,defabel,1,1,0,0
de,defabel-316,"1,3",0|2|2|1|1,0|2|1|0|0,63|64|65|4|44,batch_3,defabel,0,0,0,0
de,defabel-316,"2,3",1|2|2|0|2,1|2|1|1|1,63|64|65|4|44,batch_3,defabel,2,2,1,1
de,defabel-329,"0,2",1|0|2|1|0,2|0|2|0|2,60|61|62|4|44,batch_9,defabel,0,1,2,2
de,defabel-329,"1,0",2|2|0|2|0,0|0|2|0|0,60|61|62|4|44,batch_9,defabel,2,2,0,2
de,defabel-329,"1,3",2|0|1|2|0,0|0|1|0|0,60|61|62|4|44,batch_9,defabel,0,2,0,1
de,defabel-329,"2,3",2|0|1|2|0,1|0|1|0|1,60|61|62|4|44,batch_9,defabel,0,2,1,1
de,defabel-372,"0,1",2|2|2|2|2,2|2|1|0|2,54|55|56|4|44,batch_2,defabel,2,2,2,2
de,defabel-372,"0,2",1|1|0|2|2,2|2|1|2|2,54|55|56|4|44,batch_2,defabel,0,0,2,2
de,defabel-372,"1,3",1|2|1|1|1,1|1|2|0|1,54|55|56|4|44,batch_2,defabel,1,1,1,1
de,defabel-372,"2,3",1|1|1|1|1,1|1|0|1|1,54|55|56|4|44,batch_2,defabel,1,1,1,1
de,defabel-393,"0,2",2|2|1|1|1,2|0|1|2|2,51|52|53|4|44,batch_7,defabel,1,1,2,2
de,defabel-393,"1,0",2|0|2|2|2,2|1|2|0|0,51|52|53|4|44,batch_7,defabel,2,2,0,2
de,defabel-393,"1,3",1|1|2|2|2,2|0|0|0|0,51|52|53|4|44,batch_7,defabel,2,2,0,2
de,defabel-393,"2,3",1|1|2|2|2,1|1|2|1|1,51|52|53|4|44,batch_7,defabel,2,2,1,1
de,defabel-415,"0,2",1|1|0|2|1,2|2|0|2|2,41|42|43|4|44,batch_8,defabel,1,1,2,2
de,defabel-415,"1,0",2|1|1|1|0,0|0|1|0|0,41|42|43|4|44,batch_8,defabel,1,1,0,1
de,defabel-415,"1,3",2|1|1|1|0,1|0|1|0|0,41|42|43|4|44,batch_8,defabel,1,1,0,1
de,defabel-415,"2,3",1|2|0|1|2,1|1|0|1|1,41|42|43|4|44,batch_8,defabel,0,0,1,1
de,defabel-438,"0,1",2|2|1|2|0,2|1|2|0|0,48|49|50|4|44,batch_10,defabel,2,2,0,2
de,defabel-438,"0,2",0|2|1|2|0,2|1|2|2|0,48|49|50|4|44,batch_10,defabel,0,2,2,2
de,defabel-438,"1,3",1|1|2|1|0,0|2|0|0|0,48|49|50|4|44,batch_10,defabel,1,1,0,2
de,defabel-438,"2,3",0|1|2|1|0,1|2|0|1|0,48|49|50|4|44,batch_10,defabel,0,1,0,1
de,defabel-463,"0,2",1|1|1|1|1,0|0|2|0|0,66|53|67|4|44,batch_4,defabel,1,1,0,2
de,defabel-463,"1,0",2|2|2|2|2,0|0|2|0|0,66|53|67|4|44,batch_4,defabel,2,2,0,2
de,defabel-463,"1,3",2|2|2|2|2,0|2|2|0|0,66|53|67|4|44,batch_4,defabel,2,2,0,2
de,defabel-463,"2,3",2|2|2|2|2,1|2|1|0|0,66|53|67|4|44,batch_4,defabel,2,2,0,1
de,defabel-467,"0,2",0|1|1|1|1,1|0|1|0|1,57|58|59|4|44,batch_6,defabel,1,1,1,1
de,defabel-467,"1,0",2|1|2|2|2,2|2|2|0|2,57|58|59|4|44,batch_6,defabel,2,2,2,2
de,defabel-467,"1,3",2|2|2|2|2,2|0|2|0|0,57|58|59|4|44,batch_6,defabel,2,2,0,2
de,defabel-467,"2,3",0|2|0|2|0,0|1|0|0|0,57|58|59|4|44,batch_6,defabel,0,2,0,1
de,defabel-490,"0,1",0|1|0|1|0,0|1|2|0|0,66|53|67|4|44,batch_4,defabel,0,1,0,0
de,defabel-490,"0,2",1|1|0|1|1,2|1|2|2|2,66|53|67|4|44,batch_4,defabel,1,1,2,2
de,defabel-490,"1,3",0|2|2|2|0,0|2|1|0|0,66|53|67|4|44,batch_4,defabel,2,2,0,0
de,defabel-490,"2,3",2|2|2|2|2,1|2|1|1|1,66|53|67|4|44,batch_4,defabel,2,2,1,1
de,defabel-500,"0,1",2|2|0|2|0,0|2|2|0|0,57|58|59|4|44,batch_6,defabel,2,2,0,2
de,defabel-500,"0,2",0|1|0|1|0,0|2|0|2|0,57|58|59|4|44,batch_6,defabel,0,1,0,2
de,defabel-500,"1,3",0|1|0|1|0,0|0|1|0|0,57|58|59|4|44,batch_6,defabel,0,1,0,1
de,defabel-500,"2,3",2|2|0|2|0,0|0|1|1|0,57|58|59|4|44,batch_6,defabel,2,2,0,1
de,defabel-514,"0,1",0|2|0|2|1,2|0|0|0|0,68|69|67|4|44,batch_1,defabel,0,2,0,2
de,defabel-514,"0,2",0|0|1|1|1,2|2|2|2|2,68|69|67|4|44,batch_1,defabel,1,1,2,2
de,defabel-514,"1,3",1|2|1|1|1,1|1|1|0|1,68|69|67|4|44,batch_1,defabel,1,1,1,1
de,defabel-514,"2,3",1|2|1|1|1,1|1|1|1|1,68|69|67|4|44,batch_1,defabel,1,1,1,1
de,defabel-522,"0,1",2|2|2|1|2,2|2|2|2|2,57|58|59|4|44,batch_6,defabel,2,2,2,2
de,defabel-522,"0,2",0|1|0|1|2,2|2|2|2|2,57|58|59|4|44,batch_6,defabel,0,1,2,2
de,defabel-522,"1,3",1|2|1|2|1,1|1|1|1|1,57|58|59|4|44,batch_6,defabel,1,1,1,1
de,defabel-522,"2,3",1|2|1|2|1,1|1|1|1|1,57|58|59|4|44,batch_6,defabel,1,1,1,1
de,defabel-560,"0,1",1|1|1|2|1,0|2|1|0|0,41|42|43|4|44,batch_8,defabel,1,1,0,0
de,defabel-560,"0,2",2|1|1|1|1,2|2|1|2|2,41|42|43|4|44,batch_8,defabel,1,1,2,2
de,defabel-560,"1,3",0|2|2|1|2,0|1|2|0|0,41|42|43|4|44,batch_8,defabel,2,2,0,0
de,defabel-560,"2,3",2|2|2|2|2,1|1|2|1|1,41|42|43|4|44,batch_8,defabel,2,2,1,1
de,defabel-57,"0,1",0|1|1|2|0,0|0|2|0|1,66|53|67|4|44,batch_4,defabel,0,1,0,0
de,defabel-57,"0,2",1|1|0|1|1,0|1|2|2|0,66|53|67|4|44,batch_4,defabel,1,1,0,2
de,defabel-57,"1,3",0|2|2|0|0,0|2|1|0|0,66|53|67|4|44,batch_4,defabel,0,2,0,0
de,defabel-57,"2,3",2|2|2|2|2,1|2|1|1|1,66|53|67|4|44,batch_4,defabel,2,2,1,1
de,defabel-574,"0,1",0|0|0|2|0,0|0|1|0|0,66|53|67|4|44,batch_4,defabel,0,2,0,1
de,defabel-574,"0,2",1|1|1|1|1,2|1|2|2|2,66|53|67|4|44,batch_4,defabel,1,1,2,2
de,defabel-574,"1,3",0|0|2|1|0,0|0|2|0|0,66|53|67|4|44,batch_4,defabel,0,0,0,2
de,defabel-574,"2,3",2|2|2|2|2,1|2|1|1|0,66|53|67|4|44,batch_4,defabel,2,2,1,1
de,defabel-592,"0,2",0|2|1|1|1,0|2|2|2|2,63|64|65|4|44,batch_3,defabel,1,1,2,2
de,defabel-592,"1,0",2|1|2|2|2,0|1|0|0|0,63|64|65|4|44,batch_3,defabel,2,2,0,1
de,defabel-592,"1,3",2|1|2|2|2,0|1|0|0|0,63|64|65|4|44,batch_3,defabel,2,2,0,1
de,defabel-592,"2,3",1|1|2|2|2,0|1|1|1|1,63|64|65|4|44,batch_3,defabel,2,2,1,1
de,defabel-607,"0,1",0|2|1|1|1,2|2|2|2|2,45|46|47|4|44,batch_5,defabel,1,1,2,2
de,defabel-607,"0,2",1|1|1|1|1,2|2|2|2|2,45|46|47|4|44,batch_5,defabel,1,1,2,2
de,defabel-607,"1,3",0|2|2|2|2,1|1|1|1|1,45|46|47|4|44,batch_5,defabel,2,2,1,1
de,defabel-607,"2,3",2|2|0|2|2,1|1|1|1|1,45|46|47|4|44,batch_5,defabel,2,2,1,1
de,defabel-622,"0,1",0|1|2|2|0,1|1|0|0|0,45|46|47|4|44,batch_5,defabel,0,2,0,1
de,defabel-622,"0,2",0|1|1|1|0,2|2|0|2|2,45|46|47|4|44,batch_5,defabel,1,1,2,2
de,defabel-622,"1,3",0|1|2|1|0,1|0|0|0|0,45|46|47|4|44,batch_5,defabel,0,1,0,1
de,defabel-622,"2,3",1|2|2|2|0,1|1|0|1|1,45|46|47|4|44,batch_5,defabel,2,2,1,1
de,defabel-633,"0,2",2|2|1|1|0,1|2|2|2|1,68|69|67|4|44,batch_1,defabel,0,0,2,2
de,defabel-633,"1,0",1|2|2|0|2,2|2|2|0|2,68|69|67|4|44,batch_1,defabel,2,2,2,2
de,defabel-633,"1,3",1|1|1|0|0,1|0|2|0|2,68|69|67|4|44,batch_1,defabel,1,1,0,2
de,defabel-633,"2,3",1|1|2|2|0,2|1|1|1|2,68|69|67|4|44,batch_1,defabel,0,0,1,1
de,defabel-643,"0,1",1|2|1|1|1,2|2|2|0|0,68|69|67|4|44,batch_1,defabel,1,1,2,2
de,defabel-643,"0,2",1|0|1|1|1,2|2|2|2|0,68|69|67|4|44,batch_1,defabel,1,1,2,2
de,defabel-643,"1,3",2|1|2|2|2,1|1|1|0|0,68|69|67|4|44,batch_1,defabel,2,2,1,1
de,defabel-643,"2,3",2|1|2|2|2,1|1|1|1|0,68|69|67|4|44,batch_1,defabel,2,2,1,1
de,defabel-644,"0,1",1|1|1|1|1,1|1|1|0|2,68|69|67|4|44,batch_1,defabel,1,1,1,1
de,defabel-644,"0,2",1|2|1|1|1,1|0|2|0|2,68|69|67|4|44,batch_1,defabel,1,1,0,2
de,defabel-644,"1,3",2|2|2|2|2,2|2|2|0|1,68|69|67|4|44,batch_1,defabel,2,2,2,2
de,defabel-644,"2,3",2|1|2|2|2,1|0|1|0|1,68|69|67|4|44,batch_1,defabel,2,2,1,1
de,defabel-677,"0,2",1|2|1|1|1,2|0|2|2|2,60|61|62|4|44,batch_9,defabel,1,1,2,2
de,defabel-677,"1,0",2|0|2|1|2,2|0|1|1|0,60|61|62|4|44,batch_9,defabel,2,2,0,1
de,defabel-677,"1,3",2|0|1|1|2,0|2|1|1|0,60|61|62|4|44,batch_9,defabel,0,0,0,1
de,defabel-677,"2,3",2|0|2|2|2,1|0|1|1|1,60|61|62|4|44,batch_9,defabel,2,2,1,1
de,defabel-681,"0,2",1|2|1|2|1,2|0|2|2|2,60|61|62|4|44,batch_9,defabel,1,1,2,2
de,defabel-681,"1,0",0|1|2|1|2,0|1|0|2|0,60|61|62|4|44,batch_9,defabel,0,0,0,0
de,defabel-681,"1,3",2|0|1|1|2,0|1|1|1|0,60|61|62|4|44,batch_9,defabel,0,0,1,1
de,defabel-681,"2,3",2|1|2|2|2,1|0|1|1|1,60|61|62|4|44,batch_9,defabel,2,2,1,1
de,defabel-692,"0,2",2|2|2|2|1,2|2|1|2|2,51|52|53|4|44,batch_7,defabel,2,2,2,2
de,defabel-692,"1,0",2|1|1|1|0,2|0|2|0|0,51|52|53|4|44,batch_7,defabel,1,1,0,2
de,defabel-692,"1,3",0|1|1|1|0,0|0|2|0|0,51|52|53|4|44,batch_7,defabel,1,1,0,2
de,defabel-692,"2,3",1|1|1|1|2,1|1|2|1|1,51|52|53|4|44,batch_7,defabel,1,1,1,1
de,defabel-701,"0,2",1|2|1|1|1,0|2|2|2|2,54|55|56|4|44,batch_2,defabel,1,1,2,2
de,defabel-701,"1,0",2|2|2|2|2,2|1|0|0|2,54|55|56|4|44,batch_2,defabel,2,2,0,2
de,defabel-701,"1,3",2|2|2|2|2,0|1|0|0|0,54|55|56|4|44,batch_2,defabel,2,2,0,1
de,defabel-701,"2,3",2|1|2|2|2,2|1|0|1|1,54|55|56|4|44,batch_2,defabel,2,2,1,1
de,defabel-732,"0,2",1|2|0|1|2,2|2|2|2|2,63|64|65|4|44,batch_3,defabel,0,0,2,2
de,defabel-732,"1,0",1|1|0|1|2,2|1|0|0|0,63|64|65|4|44,batch_3,defabel,1,1,0,0
de,defabel-732,"1,3",0|1|0|1|0,0|1|0|0|0,63|64|65|4|44,batch_3,defabel,0,1,0,1
de,defabel-732,"2,3",0|1|2|2|1,1|1|1|1|1,63|64|65|4|44,batch_3,defabel,0,0,1,1
de,defabel-737,"0,2",2|2|1|1|1,0|2|2|2|2,51|52|53|4|44,batch_7,defabel,1,1,2,2
de,defabel-737,"1,0",0|1|2|2|2,0|0|1|0|0,51|52|53|4|44,batch_7,defabel,2,2,0,1
de,defabel-737,"1,3",0|1|2|2|2,2|1|0|0|0,51|52|53|4|44,batch_7,defabel,2,2,0,0
de,defabel-737,"2,3",1|1|2|2|2,2|1|0|1|1,51|52|53|4|44,batch_7,defabel,2,2,1,1
de,defabel-785,"0,1",2|0|2|1|2,0|0|2|0|0,66|53|67|4|44,batch_4,defabel,2,2,0,2
de,defabel-785,"0,2",1|1|2|1|1,0|1|2|0|0,66|53|67|4|44,batch_4,defabel,1,1,0,0
de,defabel-785,"1,3",1|0|1|1|0,0|0|1|0|0,66|53|67|4|44,batch_4,defabel,1,1,0,1
de,defabel-785,"2,3",2|2|0|2|0,1|2|1|0|0,66|53|67|4|44,batch_4,defabel,2,2,0,1
de,defabel-789,"0,1",0|2|2|2|2,2|2|2|0|2,68|69|67|4|44,batch_1,defabel,2,2,2,2
de,defabel-789,"0,2",2|1|1|2|2,2|0|2|0|2,68|69|67|4|44,batch_1,defabel,2,2,2,2
de,defabel-789,"1,3",1|2|2|1|0,1|1|1|0|1,68|69|67|4|44,batch_1,defabel,0,0,1,1
de,defabel-789,"2,3",1|2|0|1|0,1|1|1|0|1,68|69|67|4|44,batch_1,defabel,0,1,1,1
de,defabel-812,"0,2",1|2|1|1|2,0|2|0|2|2,54|55|56|4|44,batch_2,defabel,1,1,2,2
de,defabel-812,"1,0",0|1|2|2|1,2|2|1|1|0,54|55|56|4|44,batch_2,defabel,0,0,0,0
de,defabel-812,"1,3",2|2|2|2|1,0|1|0|1|1,54|55|56|4|44,batch_2,defabel,2,2,1,1
de,defabel-812,"2,3",2|1|2|2|0,2|1|1|1|1,54|55|56|4|44,batch_2,defabel,2,2,1,1
de,defabel-814,"0,1",1|2|2|2|2,1|2|0|0|0,54|55|56|4|44,batch_2,defabel,2,2,0,0
de,defabel-814,"0,2",1|2|0|1|1,1|2|2|2|2,54|55|56|4|44,batch_2,defabel,1,1,2,2
de,defabel-814,"1,3",2|1|1|1|1,2|1|2|0|0,54|55|56|4|44,batch_2,defabel,1,1,0,2
de,defabel-814,"2,3",2|1|0|2|2,0|1|1|1|1,54|55|56|4|44,batch_2,defabel,2,2,1,1
de,defabel-835,"0,1",1|0|1|1|2,1|0|1|0|0,48|49|50|4|44,batch_10,defabel,1,1,0,1
de,defabel-835,"0,2",1|1|0|1|1,2|2|2|0|2,48|49|50|4|44,batch_10,defabel,1,1,2,2
de,defabel-835,"1,3",2|2|2|2|2,2|0|2|0|0,48|49|50|4|44,batch_10,defabel,2,2,0,2
de,defabel-835,"2,3",2|2|2|2|2,1|1|1|0|1,48|49|50|4|44,batch_10,defabel,2,2,1,1
de,defabel-839,"0,1",1|2|0|1|1,0|2|0|0|0,63|64|65|4|44,batch_3,defabel,1,1,0,2
de,defabel-839,"0,2",1|1|0|1|1,0|1|0|0|2,63|64|65|4|44,batch_3,defabel,1,1,0,0
de,defabel-839,"1,3",2|1|0|2|2,0|1|1|0|0,63|64|65|4|44,batch_3,defabel,2,2,0,1
de,defabel-839,"2,3",2|2|0|2|2,0|2|1|0|1,63|64|65|4|44,batch_3,defabel,2,2,0,1
de,defabel-85,"0,1",2|0|1|2|0,2|0|1|0|0,41|42|43|4|44,batch_8,defabel,0,2,0,0
de,defabel-85,"0,2",1|1|1|1|1,2|0|1|0|2,41|42|43|4|44,batch_8,defabel,1,1,0,2
de,defabel-85,"1,3",2|0|1|1|0,2|0|2|0|0,41|42|43|4|44,batch_8,defabel,0,1,0,2
de,defabel-85,"2,3",0|2|2|2|0,1|0|2|0|1,41|42|43|4|44,batch_8,defabel,2,2,0,1
de,defabel-852,"0,1",1|0|1|2|1,0|1|1|0|0,60|61|62|4|44,batch_9,defabel,1,1,0,1
de,defabel-852,"0,2",1|0|1|1|1,2|0|1|0|2,60|61|62|4|44,batch_9,defabel,1,1,0,2
de,defabel-852,"1,3",2|0|2|1|2,0|0|2|0|0,60|61|62|4|44,batch_9,defabel,2,2,0,2
de,defabel-852,"2,3",2|0|2|2|2,1|2|0|0|1,60|61|62|4|44,batch_9,defabel,2,2,0,1
de,defabel-856,"0,1",0|0|1|1|0,2|2|0|0|0,57|58|59|4|44,batch_6,defabel,0,1,0,2
de,defabel-856,"0,2",1|0|2|1|0,2|2|2|2|2,57|58|59|4|44,batch_6,defabel,0,1,2,2
de,defabel-856,"1,3",2|2|2|2|0,1|1|2|0|0,57|58|59|4|44,batch_6,defabel,2,2,0,1
de,defabel-856,"2,3",2|2|2|2|0,1|1|1|1|1,57|58|59|4|44,batch_6,defabel,2,2,1,1
de,defabel-888,"0,1",1|1|1|1|1,0|1|0|0|0,63|64|65|4|44,batch_3,defabel,1,1,0,1
de,defabel-888,"0,2",1|1|1|1|1,2|1|2|0|2,63|64|65|4|44,batch_3,defabel,1,1,2,2
de,defabel-888,"1,3",2|0|2|2|2,0|2|0|0|0,63|64|65|4|44,batch_3,defabel,2,2,0,2
de,defabel-888,"2,3",2|2|0|2|2,1|2|1|0|1,63|64|65|4|44,batch_3,defabel,2,2,1,1
de,defabel-901,"0,2",0|1|2|1|1,1|2|0|1|2,48|49|50|4|44,batch_10,defabel,1,1,0,0
de,defabel-901,"1,0",1|2|1|2|2,1|0|2|2|2,48|49|50|4|44,batch_10,defabel,2,2,2,2
de,defabel-901,"1,3",2|2|1|2|2,2|0|2|0|2,48|49|50|4|44,batch_10,defabel,2,2,2,2
de,defabel-901,"2,3",2|2|1|2|2,1|1|1|0|1,48|49|50|4|44,batch_10,defabel,2,2,1,1
de,deuparl-105,"0,1",0|2|2|2|2,1|1|1|1|2,70|71|72|4|44,batch_2,deuparl,2,2,1,1
de,deuparl-105,"0,2",0|2|2|2|2,0|0|1|1|1,70|71|72|4|44,batch_2,deuparl,2,2,1,1
de,deuparl-105,"1,3",0|1|0|2|1,1|1|1|0|1,70|71|72|4|44,batch_2,deuparl,0,1,1,1
de,deuparl-105,"2,3",0|1|1|2|1,0|1|1|0|1,70|71|72|4|44,batch_2,deuparl,1,1,1,1
de,deuparl-114,"0,2",0|2|2|1|2,1|1|1|1|1,73|74|72|4|44,batch_3,deuparl,2,2,1,1
de,deuparl-114,"1,0",2|1|0|2|1,2|2|2|2|2,73|74|72|4|44,batch_3,deuparl,0,0,2,2
de,deuparl-114,"1,3",2|2|0|2|1,0|1|0|2|1,73|74|72|4|44,batch_3,deuparl,2,2,0,1
de,deuparl-114,"2,3",2|1|0|2|1,2|1|0|2|1,73|74|72|4|44,batch_3,deuparl,0,0,0,0
de,deuparl-123,"0,2",1|0|1|2|0,2|0|0|1|0,75|76|72|4|44,batch_9,deuparl,0,1,0,0
de,deuparl-123,"1,0",2|0|2|2|2,2|2|2|2|1,75|76|72|4|44,batch_9,deuparl,2,2,2,2
de,deuparl-123,"1,3",2|2|2|1|1,2|2|1|2|1,75|76|72|4|44,batch_9,deuparl,2,2,2,2
de,deuparl-123,"2,3",2|2|2|1|1,2|2|1|2|0,75|76|72|4|44,batch_9,deuparl,2,2,2,2
de,deuparl-1430,"0,2",2|2|2|2|2,2|2|0|1|0,70|71|72|4|44,batch_2,deuparl,2,2,0,2
de,deuparl-1430,"1,0",1|0|1|1|0,2|0|0|2|0,70|71|72|4|44,batch_2,deuparl,1,1,0,2
de,deuparl-1430,"1,3",1|1|1|1|1,1|1|1|0|1,70|71|72|4|44,batch_2,deuparl,1,1,1,1
de,deuparl-1430,"2,3",1|1|0|2|1,1|1|1|1|1,70|71|72|4|44,batch_2,deuparl,1,1,1,1
de,deuparl-155,"0,1",1|2|0|2|1,1|1|1|1|1,77|78|72|4|44,batch_6,deuparl,0,0,1,1
de,deuparl-155,"0,2",1|2|1|1|1,1|1|0|1|1,77|78|72|4|44,batch_6,deuparl,1,1,1,1
de,deuparl-155,"1,3",2|1|0|1|1,2|1|1|0|0,77|78|72|4|44,batch_6,deuparl,1,1,0,1
de,deuparl-155,"2,3",2|2|0|2|1,1|1|0|1|1,77|78|72|4|44,batch_6,deuparl,2,2,1,1
de,deuparl-1604,"0,1",2|0|0|2|2,0|0|1|1|1,79|80|72|4|44,batch_5,deuparl,2,2,1,1
de,deuparl-1604,"0,2",1|1|2|2|2,2|0|1|1|1,79|80|72|4|44,batch_5,deuparl,2,2,1,1
de,deuparl-1604,"1,3",1|2|0|1|1,0|1|2|2|2,79|80|72|4|44,batch_5,deuparl,1,1,2,2
de,deuparl-1604,"2,3",1|2|0|1|1,1|1|0|2|1,79|80|72|4|44,batch_5,deuparl,1,1,1,1
de,deuparl-161,"0,1",1|0|1|2|1,2|1|1|1|2,73|74|72|4|44,batch_3,deuparl,1,1,1,1
de,deuparl-161,"0,2",1|0|2|2|0,1|2|0|1|0,73|74|72|4|44,batch_3,deuparl,0,2,0,1
de,deuparl-161,"1,3",2|2|0|1|1,1|1|0|0|1,73|74|72|4|44,batch_3,deuparl,0,0,1,1
de,deuparl-161,"2,3",2|0|0|1|1,2|1|0|1|2,73|74|72|4|44,batch_3,deuparl,0,1,0,0
de,deuparl-168,"0,1",1|1|1|2|1,1|1|1|1|1,81|82|72|4|44,batch_8,deuparl,1,1,1,1
de,deuparl-168,"0,2",1|1|0|1|1,1|1|1|1|1,81|82|72|4|44,batch_8,deuparl,1,1,1,1
de,deuparl-168,"1,3",2|2|0|2|1,1|2|1|0|1,81|82|72|4|44,batch_8,deuparl,2,2,1,1
de,deuparl-168,"2,3",2|2|2|1|1,1|2|0|0|1,81|82|72|4|44,batch_8,deuparl,2,2,0,1
de,deuparl-17,"0,2",0|1|1|2|1,2|2|2|1|2,73|74|72|4|44,batch_3,deuparl,1,1,2,2
de,deuparl-17,"1,0",2|2|1|2|2,1|1|2|2|1,73|74|72|4|44,batch_3,deuparl,2,2,1,1
de,deuparl-17,"1,3",0|0|0|1|1,1|0|0|0|1,73|74|72|4|44,batch_3,deuparl,0,1,0,1
de,deuparl-17,"2,3",1|0|0|2|0,0|0|1|0|1,73|74|72|4|44,batch_3,deuparl,0,0,0,1
de,deuparl-182,"0,1",1|1|1|1|0,1|1|2|1|2,83|62|72|4|44,batch_10,deuparl,1,1,1,1
de,deuparl-182,"0,2",1|1|1|1|0,1|1|2|2|1,83|62|72|4|44,batch_10,deuparl,1,1,1,1
de,deuparl-182,"1,3",2|2|2|2|0,2|2|1|0|1,83|62|72|4|44,batch_10,deuparl,2,2,0,0
de,deuparl-182,"2,3",2|2|0|2|0,2|2|1|1|2,83|62|72|4|44,batch_10,deuparl,2,2,2,2
de,deuparl-187,"0,1",2|0|2|1|2,2|1|2|1|2,84|85|72|4|44,batch_1,deuparl,2,2,2,2
de,deuparl-187,"0,2",0|0|1|1|2,0|1|2|2|1,84|85|72|4|44,batch_1,deuparl,0,1,0,0
de,deuparl-187,"1,3",0|0|2|2|1,0|2|1|0|1,84|85|72|4|44,batch_1,deuparl,0,2,0,1
de,deuparl-187,"2,3",2|2|2|2|1,1|0|1|1|1,84|85|72|4|44,batch_1,deuparl,2,2,1,1
de,deuparl-188,"0,1",2|2|1|2|0,1|2|2|1|2,81|82|72|4|44,batch_8,deuparl,2,2,2,2
de,deuparl-188,"0,2",2|2|1|2|2,1|2|2|2|1,81|82|72|4|44,batch_8,deuparl,2,2,2,2
de,deuparl-188,"1,3",1|1|0|1|0,2|1|1|0|1,81|82|72|4|44,batch_8,deuparl,1,1,1,1
de,deuparl-188,"2,3",1|1|1|1|1,2|1|1|1|2,81|82|72|4|44,batch_8,deuparl,1,1,1,1
de,deuparl-194,"0,1",2|1|1|2|1,1|1|2|1|1,77|78|72|4|44,batch_6,deuparl,1,1,1,1
de,deuparl-194,"0,2",1|1|1|2|1,1|2|2|2|1,77|78|72|4|44,batch_6,deuparl,1,1,2,2
de,deuparl-194,"1,3",2|1|0|2|0,1|1|1|1|0,77|78|72|4|44,batch_6,deuparl,0,2,1,1
de,deuparl-194,"2,3",2|2|0|2|0,1|2|1|1|1,77|78|72|4|44,batch_6,deuparl,2,2,1,1
de,deuparl-2064,"0,1",0|1|0|1|2,0|2|1|1|2,77|78|72|4|44,batch_6,deuparl,0,1,0,0
de,deuparl-2064,"0,2",0|1|1|1|2,2|2|0|2|2,77|78|72|4|44,batch_6,deuparl,1,1,2,2
de,deuparl-2064,"1,3",2|2|0|2|1,2|1|1|0|1,77|78|72|4|44,batch_6,deuparl,2,2,1,1
de,deuparl-2064,"2,3",0|2|2|2|1,0|1|1|1|1,77|78|72|4|44,batch_6,deuparl,2,2,1,1
de,deuparl-2181,"0,1",2|1|2|0|0,2|0|1|1|0,83|62|72|4|44,batch_10,deuparl,0,2,0,1
de,deuparl-2181,"0,2",1|2|2|2|2,2|0|2|0|2,83|62|72|4|44,batch_10,deuparl,2,2,2,2
de,deuparl-2181,"1,3",2|0|1|2|0,1|1|0|0|1,83|62|72|4|44,batch_10,deuparl,0,2,1,1
de,deuparl-2181,"2,3",2|1|0|1|0,1|1|1|1|1,83|62|72|4|44,batch_10,deuparl,0,1,1,1
de,deuparl-2183,"0,1",0|2|1|2|2,2|1|0|1|0,59|86|72|4|44,batch_4,deuparl,2,2,0,1
de,deuparl-2183,"0,2",2|1|1|2|2,2|1|2|1|1,59|86|72|4|44,batch_4,deuparl,2,2,1,1
de,deuparl-2183,"1,3",0|2|2|2|0,0|1|1|0|0,59|86|72|4|44,batch_4,deuparl,2,2,0,1
de,deuparl-2183,"2,3",0|2|0|1|0,0|1|0|0|1,59|86|72|4|44,batch_4,deuparl,0,0,0,1
de,deuparl-2187,"0,2",1|0|0|1|1,1|1|1|1|1,87|88|72|4|44,batch_7,deuparl,1,1,1,1
de,deuparl-2187,"1,0",2|2|2|2|2,2|2|2|2|0,87|88|72|4|44,batch_7,deuparl,2,2,2,2
de,deuparl-2187,"1,3",2|1|0|1|2,2|1|0|2|1,87|88|72|4|44,batch_7,deuparl,0,0,0,0
de,deuparl-2187,"2,3",2|1|0|1|0,2|2|2|2|0,87|88|72|4|44,batch_7,deuparl,0,1,2,2
de,deuparl-2202,"0,2",1|2|0|2|2,1|2|0|1|0,70|71|72|4|44,batch_2,deuparl,2,2,0,1
de,deuparl-2202,"1,0",2|2|0|2|2,2|2|2|2|1,70|71|72|4|44,batch_2,deuparl,2,2,2,2
de,deuparl-2202,"1,3",2|2|0|1|1,2|1|2|2|1,70|71|72|4|44,batch_2,deuparl,0,0,2,2
de,deuparl-2202,"2,3",2|1|0|1|1,2|2|0|2|1,70|71|72|4|44,batch_2,deuparl,1,1,2,2
de,deuparl-2208,"0,2",2|1|0|2|2,2|2|0|1|0,75|76|72|4|44,batch_9,deuparl,2,2,0,2
de,deuparl-2208,"1,0",1|1|2|1|1,1|1|2|2|0,75|76|72|4|44,batch_9,deuparl,1,1,0,0
de,deuparl-2208,"1,3",1|0|0|1|1,1|2|0|2|1,75|76|72|4|44,batch_9,deuparl,1,1,0,0
de,deuparl-2208,"2,3",1|0|0|1|1,1|2|0|2|1,75|76|72|4|44,batch_9,deuparl,1,1,0,0
de,deuparl-238,"0,1",2|2|1|2|0,2|1|1|1|1,70|71|72|4|44,batch_2,deuparl,2,2,1,1
de,deuparl-238,"0,2",2|2|2|2|2,0|2|0|1|1,70|71|72|4|44,batch_2,deuparl,2,2,0,1
de,deuparl-238,"1,3",1|1|1|1|0,0|1|1|0|1,70|71|72|4|44,batch_2,deuparl,1,1,1,1
de,deuparl-238,"2,3",1|1|1|1|1,1|1|1|1|2,70|71|72|4|44,batch_2,deuparl,1,1,1,1
de,deuparl-239,"0,1",1|1|1|2|0,1|1|1|1|1,70|71|72|4|44,batch_2,deuparl,1,1,1,1
de,deuparl-239,"0,2",1|0|1|1|1,1|1|2|1|1,70|71|72|4|44,batch_2,deuparl,1,1,1,1
de,deuparl-239,"1,3",0|1|0|2|1,0|0|1|0|1,70|71|72|4|44,batch_2,deuparl,0,1,0,1
de,deuparl-239,"2,3",0|1|0|2|2,1|1|1|0|0,70|71|72|4|44,batch_2,deuparl,0,2,1,1
de,deuparl-241,"0,1",2|2|2|2|1,2|1|1|1|1,59|86|72|4|44,batch_4,deuparl,2,2,1,1
de,deuparl-241,"0,2",2|2|1|1|2,2|2|2|1|1,59|86|72|4|44,batch_4,deuparl,2,2,2,2
de,deuparl-241,"1,3",1|1|0|2|1,1|1|1|0|1,59|86|72|4|44,batch_4,deuparl,1,1,1,1
de,deuparl-241,"2,3",1|1|2|2|1,1|1|1|0|1,59|86|72|4|44,batch_4,deuparl,1,1,1,1
de,deuparl-252,"0,1",2|2|2|1|2,1|2|1|1|1,83|62|72|4|44,batch_10,deuparl,2,2,1,1
de,deuparl-252,"0,2",2|2|1|1|0,2|2|2|0|1,83|62|72|4|44,batch_10,deuparl,0,0,2,2
de,deuparl-252,"1,3",2|0|2|2|0,2|1|2|2|0,83|62|72|4|44,batch_10,deuparl,2,2,2,2
de,deuparl-252,"2,3",1|0|2|2|0,2|1|0|2|0,83|62|72|4|44,batch_10,deuparl,0,2,0,2
de,deuparl-267,"0,2",0|2|1|2|2,2|2|1|2|0,84|85|72|4|44,batch_1,deuparl,2,2,2,2
de,deuparl-267,"1,0",2|1|1|1|1,1|0|2|2|2,84|85|72|4|44,batch_1,deuparl,1,1,2,2
de,deuparl-267,"1,3",0|1|1|1|1,1|1|0|0|1,84|85|72|4|44,batch_1,deuparl,1,1,1,1
de,deuparl-267,"2,3",2|1|2|2|1,1|0|1|0|1,84|85|72|4|44,batch_1,deuparl,2,2,1,1
de,deuparl-27,"0,2",0|0|2|2|0,2|2|1|1|1,73|74|72|4|44,batch_3,deuparl,0,2,1,1
de,deuparl-27,"1,0",2|2|0|1|0,0|2|2|2|1,73|74|72|4|44,batch_3,deuparl,0,2,2,2
de,deuparl-27,"1,3",2|2|1|1|1,1|0|1|1|1,73|74|72|4|44,batch_3,deuparl,1,1,1,1
de,deuparl-27,"2,3",0|1|0|1|1,0|2|0|1|1,73|74|72|4|44,batch_3,deuparl,1,1,0,1
de,deuparl-296,"0,1",2|0|2|2|1,2|1|1|1|2,79|80|72|4|44,batch_5,deuparl,2,2,1,1
de,deuparl-296,"0,2",1|1|0|1|1,1|1|1|1|0,79|80|72|4|44,batch_5,deuparl,1,1,1,1
de,deuparl-296,"1,3",1|0|1|1|1,0|2|0|2|1,79|80|72|4|44,batch_5,deuparl,1,1,0,2
de,deuparl-296,"2,3",1|0|1|1|1,0|2|2|2|0,79|80|72|4|44,batch_5,deuparl,1,1,2,2
de,deuparl-324,"0,2",1|2|2|1|2,1|2|2|0|1,87|88|72|4|44,batch_7,deuparl,2,2,0,0
de,deuparl-324,"1,0",2|0|2|2|1,2|1|0|2|2,87|88|72|4|44,batch_7,deuparl,2,2,2,2
de,deuparl-324,"1,3",2|1|2|2|1,2|1|1|0|0,87|88|72|4|44,batch_7,deuparl,2,2,0,1
de,deuparl-324,"2,3",2|1|2|2|1,1|1|1|0|0,87|88|72|4|44,batch_7,deuparl,2,2,1,1
de,deuparl-325,"0,2",0|0|0|2|0,1|1|0|0|0,75|76|72|4|44,batch_9,deuparl,0,2,0,1
de,deuparl-325,"1,0",1|0|1|1|2,2|0|2|2|0,75|76|72|4|44,batch_9,deuparl,1,1,2,2
de,deuparl-325,"1,3",0|0|2|1|0,2|0|1|0|1,75|76|72|4|44,batch_9,deuparl,0,0,0,1
de,deuparl-325,"2,3",2|0|2|1|0,1|0|1|1|1,75|76|72|4|44,batch_9,deuparl,0,2,1,1
de,deuparl-341,"0,2",1|1|1|1|1,2|2|2|0|2,81|82|72|4|44,batch_8,deuparl,1,1,2,2
de,deuparl-341,"1,0",2|2|0|2|2,1|1|0|2|0,81|82|72|4|44,batch_8,deuparl,2,2,0,1
de,deuparl-341,"1,3",2|2|0|2|1,1|1|1|2|1,81|82|72|4|44,batch_8,deuparl,2,2,1,1
de,deuparl-341,"2,3",2|2|2|2|2,1|1|1|2|1,81|82|72|4|44,batch_8,deuparl,2,2,1,1
de,deuparl-36,"0,1",0|1|1|1|0,0|1|1|1|0,59|86|72|4|44,batch_4,deuparl,1,1,1,1
de,deuparl-36,"0,2",0|1|1|1|0,0|1|0|0|2,59|86|72|4|44,batch_4,deuparl,1,1,0,0
de,deuparl-36,"1,3",0|1|2|2|0,2|2|1|2|2,59|86|72|4|44,batch_4,deuparl,0,2,2,2
de,deuparl-36,"2,3",0|2|2|2|0,0|2|1|2|0,59|86|72|4|44,batch_4,deuparl,2,2,0,2
de,deuparl-363,"0,1",0|1|1|1|2,1|2|0|1|0,84|85|72|4|44,batch_1,deuparl,1,1,0,1
de,deuparl-363,"0,2",1|0|2|0|0,2|2|1|0|2,84|85|72|4|44,batch_1,deuparl,0,0,2,2
de,deuparl-363,"1,3",2|1|1|2|1,1|1|1|2|1,84|85|72|4|44,batch_1,deuparl,1,1,1,1
de,deuparl-363,"2,3",1|2|1|2|0,1|2|1|2|1,84|85|72|4|44,batch_1,deuparl,0,0,1,1
de,deuparl-365,"0,1",0|1|0|2|1,0|1|1|1|1,79|80|72|4|44,batch_5,deuparl,0,1,1,1
de,deuparl-365,"0,2",1|1|1|2|0,0|2|1|0|1,79|80|72|4|44,batch_5,deuparl,1,1,0,1
de,deuparl-365,"1,3",1|2|1|0|0,1|1|0|0|0,79|80|72|4|44,batch_5,deuparl,0,1,0,1
de,deuparl-365,"2,3",0|2|1|2|0,2|1|0|0|0,79|80|72|4|44,batch_5,deuparl,0,2,0,0
de,deuparl-390,"0,1",0|2|1|1|1,2|2|1|1|1,84|85|72|4|44,batch_1,deuparl,1,1,1,1
de,deuparl-390,"0,2",0|1|0|2|2,0|2|2|0|0,84|85|72|4|44,batch_1,deuparl,0,2,0,2
de,deuparl-390,"1,3",1|1|2|1|2,1|1|1|1|2,84|85|72|4|44,batch_1,deuparl,1,1,1,1
de,deuparl-390,"2,3",1|1|0|1|1,1|1|1|1|2,84|85|72|4|44,batch_1,deuparl,1,1,1,1
de,deuparl-405,"0,2",2|1|2|2|2,2|1|2|1|0,87|88|72|4|44,batch_7,deuparl,2,2,0,0
de,deuparl-405,"1,0",1|2|1|1|1,2|2|2|2|1,87|88|72|4|44,batch_7,deuparl,1,1,2,2
de,deuparl-405,"1,3",1|2|0|1|0,1|2|1|0|1,87|88|72|4|44,batch_7,deuparl,0,1,1,1
de,deuparl-405,"2,3",1|2|0|1|1,1|2|1|1|1,87|88|72|4|44,batch_7,deuparl,1,1,1,1
de,deuparl-414,"0,1",1|1|1|1|2,1|1|0|1|1,75|76|72|4|44,batch_9,deuparl,1,1,1,1
de,deuparl-414,"0,2",1|1|0|1|1,1|1|1|0|0,75|76|72|4|44,batch_9,deuparl,1,1,1,1
de,deuparl-414,"1,3",1|2|0|2|1,1|2|1|1|1,75|76|72|4|44,batch_9,deuparl,0,0,1,1
de,deuparl-414,"2,3",1|2|2|1|1,0|2|1|1|1,75|76|72|4|44,batch_9,deuparl,1,1,1,1
de,deuparl-420,"0,1",0|0|2|2|2,2|1|0|1|1,75|76|72|4|44,batch_9,deuparl,2,2,1,1
de,deuparl-420,"0,2",1|1|2|2|0,2|0|2|1|1,75|76|72|4|44,batch_9,deuparl,0,0,0,0
de,deuparl-420,"1,3",1|2|2|1|1,1|2|1|1|1,75|76|72|4|44,batch_9,deuparl,1,1,1,1
de,deuparl-420,"2,3",1|2|0|1|1,1|1|1|1|1,75|76|72|4|44,batch_9,deuparl,1,1,1,1
de,deuparl-429,"0,1",2|1|1|2|0,2|2|0|1|2,77|78|72|4|44,batch_6,deuparl,0,0,2,2
de,deuparl-429,"0,2",1|1|1|1|0,2|2|0|1|2,77|78|72|4|44,batch_6,deuparl,1,1,2,2
de,deuparl-429,"1,3",0|2|2|2|0,1|1|1|2|0,77|78|72|4|44,batch_6,deuparl,2,2,1,1
de,deuparl-429,"2,3",2|2|2|2|0,1|1|1|1|0,77|78|72|4|44,batch_6,deuparl,2,2,1,1
de,deuparl-433,"0,2",2|1|2|1|2,2|1|0|2|2,59|86|72|4|44,batch_4,deuparl,2,2,2,2
de,deuparl-433,"1,0",2|2|0|1|0,2|2|1|2|0,59|86|72|4|44,batch_4,deuparl,0,2,2,2
de,deuparl-433,"1,3",2|2|1|1|0,2|2|2|1|0,59|86|72|4|44,batch_4,deuparl,0,0,2,2
de,deuparl-433,"2,3",0|2|1|1|0,2|2|0|1|1,59|86|72|4|44,batch_4,deuparl,0,1,0,0
de,deuparl-442,"0,1",1|2|2|2|1,1|1|1|1|0,59|86|72|4|44,batch_4,deuparl,2,2,1,1
de,deuparl-442,"0,2",1|2|2|2|1,1|1|1|1|1,59|86|72|4|44,batch_4,deuparl,2,2,1,1
de,deuparl-442,"1,3",2|1|1|1|1,2|2|1|2|0,59|86|72|4|44,batch_4,deuparl,1,1,2,2
de,deuparl-442,"2,3",0|1|1|1|2,2|2|2|2|0,59|86|72|4|44,batch_4,deuparl,1,1,2,2
de,deuparl-444,"0,2",0|0|2|0|0,0|1|0|1|1,84|85|72|4|44,batch_1,deuparl,0,2,1,1
de,deuparl-444,"1,0",2|0|0|1|0,0|0|2|2|2,84|85|72|4|44,batch_1,deuparl,0,0,2,2
de,deuparl-444,"1,3",1|0|1|1|1,1|1|1|0|1,84|85|72|4|44,batch_1,deuparl,1,1,1,1
de,deuparl-444,"2,3",1|2|1|1|0,1|1|1|1|1,84|85|72|4|44,batch_1,deuparl,1,1,1,1
de,deuparl-487,"0,1",1|0|0|1|2,1|2|0|1|0,87|88|72|4|44,batch_7,deuparl,0,1,0,1
de,deuparl-487,"0,2",1|1|0|2|0,1|2|2|2|0,87|88|72|4|44,batch_7,deuparl,0,1,2,2
de,deuparl-487,"1,3",2|0|1|2|0,2|1|1|0|1,87|88|72|4|44,batch_7,deuparl,0,2,1,1
de,deuparl-487,"2,3",2|2|0|1|1,2|0|1|1|1,87|88|72|4|44,batch_7,deuparl,0,0,1,1
de,deuparl-498,"0,1",2|1|0|1|2,0|1|1|1|0,73|74|72|4|44,batch_3,deuparl,0,0,1,1
de,deuparl-498,"0,2",2|1|1|1|1,2|1|2|0|2,73|74|72|4|44,batch_3,deuparl,1,1,2,2
de,deuparl-498,"1,3",0|0|2|2|2,2|0|0|0|0,73|74|72|4|44,batch_3,deuparl,2,2,0,2
de,deuparl-498,"2,3",2|0|2|2|2,0|0|1|0|0,73|74|72|4|44,batch_3,deuparl,2,2,0,1
de,deuparl-504,"0,1",2|1|1|2|2,1|0|1|1|2,79|80|72|4|44,batch_5,deuparl,2,2,1,1
de,deuparl-504,"0,2",1|1|1|1|2,2|0|0|1|0,79|80|72|4|44,batch_5,deuparl,1,1,0,0
de,deuparl-504,"1,3",2|2|0|2|1,0|0|0|2|1,79|80|72|4|44,batch_5,deuparl,2,2,0,0
de,deuparl-504,"2,3",1|2|2|2|1,2|0|0|2|1,79|80|72|4|44,batch_5,deuparl,2,2,0,2
de,deuparl-51,"0,1",1|2|1|2|1,1|2|1|1|1,83|62|72|4|44,batch_10,deuparl,1,1,1,1
de,deuparl-51,"0,2",0|2|2|2|0,1|2|0|2|1,83|62|72|4|44,batch_10,deuparl,2,2,0,0
de,deuparl-51,"1,3",2|2|0|1|0,2|2|0|1|1,83|62|72|4|44,batch_10,deuparl,0,2,0,0
de,deuparl-51,"2,3",0|1|0|1|2,2|1|0|1|1,83|62|72|4|44,batch_10,deuparl,0,1,1,1
de,deuparl-57,"0,1",0|1|1|1|1,1|1|1|1|1,81|82|72|4|44,batch_8,deuparl,1,1,1,1
de,deuparl-57,"0,2",0|1|1|2|1,1|1|1|1|1,81|82|72|4|44,batch_8,deuparl,1,1,1,1
de,deuparl-57,"1,3",0|2|1|2|2,2|2|0|0|0,81|82|72|4|44,batch_8,deuparl,2,2,0,2
de,deuparl-57,"2,3",0|0|2|1|2,1|2|1|0|1,81|82|72|4|44,batch_8,deuparl,0,2,1,1
de,deuparl-62,"0,1",1|2|2|2|1,0|2|1|1|0,79|80|72|4|44,batch_5,deuparl,2,2,0,1
de,deuparl-62,"0,2",1|2|0|2|2,1|2|2|2|0,79|80|72|4|44,batch_5,deuparl,2,2,2,2
de,deuparl-62,"1,3",0|1|0|1|2,2|1|0|0|0,79|80|72|4|44,batch_5,deuparl,0,1,0,0
de,deuparl-62,"2,3",1|1|0|1|1,2|1|1|1|1,79|80|72|4|44,batch_5,deuparl,1,1,1,1
de,deuparl-77,"0,1",2|2|1|1|1,1|1|1|1|1,81|82|72|4|44,batch_8,deuparl,1,1,1,1
de,deuparl-77,"0,2",2|2|2|2|2,1|1|1|1|1,81|82|72|4|44,batch_8,deuparl,2,2,1,1
de,deuparl-77,"1,3",1|1|0|1|0,2|2|2|2|1,81|82|72|4|44,batch_8,deuparl,1,1,2,2
de,deuparl-77,"2,3",1|1|0|1|1,1|2|0|1|1,81|82|72|4|44,batch_8,deuparl,1,1,1,1
de,deuparl-78,"0,1",1|1|1|2|1,2|1|1|1|1,87|88|72|4|44,batch_7,deuparl,1,1,1,1
de,deuparl-78,"0,2",0|1|1|2|1,2|1|1|1|1,87|88|72|4|44,batch_7,deuparl,1,1,1,1
de,deuparl-78,"1,3",2|2|1|1|1,2|2|0|2|1,87|88|72|4|44,batch_7,deuparl,1,1,2,2
de,deuparl-78,"2,3",2|2|2|1|1,1|1|0|1|1,87|88|72|4|44,batch_7,deuparl,2,2,1,1
de,deuparl-88,"0,2",1|2|2|1|2,2|2|2|2|1,83|62|72|4|44,batch_10,deuparl,2,2,2,2
de,deuparl-88,"1,0",2|1|1|2|0,1|1|0|2|2,83|62|72|4|44,batch_10,deuparl,0,0,0,0
de,deuparl-88,"1,3",2|1|1|1|0,1|1|0|1|0,83|62|72|4|44,batch_10,deuparl,1,1,1,1
de,deuparl-88,"2,3",2|1|0|2|1,2|1|1|1|1,83|62|72|4|44,batch_10,deuparl,0,0,1,1
de,deuparl-91,"0,2",0|1|1|2|2,2|2|2|2|0,77|78|72|4|44,batch_6,deuparl,0,0,2,2
de,deuparl-91,"1,0",0|2|2|2|2,0|2|2|2|0,77|78|72|4|44,batch_6,deuparl,2,2,2,2
de,deuparl-91,"1,3",0|2|0|1|1,0|1|1|0|0,77|78|72|4|44,batch_6,deuparl,0,1,0,1
de,deuparl-91,"2,3",0|2|2|1|1,1|1|1|1|0,77|78|72|4|44,batch_6,deuparl,0,0,1,1
en,hansard-1127,"0,1",0|2|2|1|1,2|0|0|0|1,89|90|91|44|92,batch_5,hansard,0,0,0,0
en,hansard-1127,"0,2",2|2|2|1|0,2|2|2|2|1,89|90|91|44|92,batch_5,hansard,2,2,2,2
en,hansard-1127,"1,3",1|1|1|0|0,1|0|1|0|1,89|90|91|44|92,batch_5,hansard,1,1,1,1
en,hansard-1127,"2,3",0|1|0|2|1,1|0|1|1|1,89|90|91|44|92,batch_5,hansard,0,1,1,1
en,hansard-1193,"0,1",1|0|1|1|2,1|0|1|2|0,93|94|95|96|44,batch_10,hansard,1,1,0,1
en,hansard-1193,"0,2",0|2|0|1|2,0|2|2|2|2,93|94|95|96|44,batch_10,hansard,0,2,2,2
en,hansard-1193,"1,3",1|2|2|1|1,1|1|2|1|1,93|94|95|96|44,batch_10,hansard,1,1,1,1
en,hansard-1193,"2,3",1|1|0|2|1,0|0|0|2|1,93|94|95|96|44,batch_10,hansard,1,1,0,0
en,hansard-1352,"0,1",0|0|0|1|1,1|1|0|1|2,93|94|95|96|44,batch_10,hansard,0,1,1,1
en,hansard-1352,"0,2",2|1|0|0|1,1|1|2|1|2,93|94|95|96|44,batch_10,hansard,0,1,1,1
en,hansard-1352,"1,3",2|2|0|2|2,2|2|1|1|1,93|94|95|96|44,batch_10,hansard,2,2,1,1
en,hansard-1352,"2,3",2|0|1|2|2,2|2|1|2|1,93|94|95|96|44,batch_10,hansard,2,2,2,2
en,hansard-1379,"0,1",1|1|2|2|1,1|1|2|2|2,93|94|95|96|44,batch_10,hansard,1,1,2,2
en,hansard-1379,"0,2",2|2|2|1|1,1|1|0|2|2,93|94|95|96|44,batch_10,hansard,2,2,0,0
en,hansard-1379,"1,3",1|1|1|0|2,2|2|1|2|1,93|94|95|96|44,batch_10,hansard,1,1,2,2
en,hansard-1379,"2,3",2|2|1|2|2,2|0|1|0|1,93|94|95|96|44,batch_10,hansard,2,2,0,1
en,hansard-1412,"0,1",1|1|2|2|1,1|0|1|0|2,97|98|99|100|44,batch_8,hansard,1,1,0,1
en,hansard-1412,"0,2",1|1|2|0|1,1|2|1|1|2,97|98|99|100|44,batch_8,hansard,1,1,1,1
en,hansard-1412,"1,3",2|2|1|0|2,2|0|2|2|1,97|98|99|100|44,batch_8,hansard,2,2,2,2
en,hansard-1412,"2,3",2|2|1|0|2,1|1|2|2|1,97|98|99|100|44,batch_8,hansard,2,2,1,1
en,hansard-1421,"0,1",1|1|0|2|2,0|1|1|2|0,101|102|103|104|44,batch_3,hansard,0,0,0,1
en,hansard-1421,"0,2",1|1|1|2|2,0|1|0|2|2,101|102|103|104|44,batch_3,hansard,1,1,0,2
en,hansard-1421,"1,3",2|2|2|2|1,0|2|2|1|1,101|102|103|104|44,batch_3,hansard,2,2,0,0
en,hansard-1421,"2,3",2|2|2|1|1,0|2|0|1|1,101|102|103|104|44,batch_3,hansard,2,2,0,1
en,hansard-1435,"0,2",2|2|1|1|1,1|0|2|1|2,105|106|107|108|44,batch_6,hansard,1,1,0,0
en,hansard-1435,"1,0",0|1|2|2|2,2|0|2|2|1,105|106|107|108|44,batch_6,hansard,2,2,2,2
en,hansard-1435,"1,3",2|1|2|2|2,1|0|2|2|1,105|106|107|108|44,batch_6,hansard,2,2,0,0
en,hansard-1435,"2,3",0|1|2|2|2,2|0|1|2|1,105|106|107|108|44,batch_6,hansard,2,2,0,0
en,hansard-1466,"0,1",0|1|1|0|0,2|1|1|1|1,109|110|111|112|44,batch_4,hansard,0,1,1,1
en,hansard-1466,"0,2",1|1|1|0|0,1|1|1|1|2,109|110|111|112|44,batch_4,hansard,1,1,1,1
en,hansard-1466,"1,3",1|2|2|2|0,0|2|2|1|1,109|110|111|112|44,batch_4,hansard,2,2,0,0
en,hansard-1466,"2,3",0|0|2|2|0,1|2|2|1|1,109|110|111|112|44,batch_4,hansard,0,2,1,1
en,hansard-1478,"0,1",2|2|0|1|1,1|1|0|2|1,93|94|95|96|44,batch_10,hansard,0,0,1,1
en,hansard-1478,"0,2",2|1|0|1|1,0|0|0|1|2,93|94|95|96|44,batch_10,hansard,1,1,0,0
en,hansard-1478,"1,3",1|0|0|1|2,2|0|2|1|0,93|94|95|96|44,batch_10,hansard,0,1,0,2
en,hansard-1478,"2,3",1|1|0|2|2,2|0|0|0|1,93|94|95|96|44,batch_10,hansard,0,0,0,0
en,hansard-199,"0,1",2|2|1|2|0,1|2|1|1|1,113|114|115|116|44,batch_2,hansard,2,2,1,1
en,hansard-199,"0,2",2|2|1|1|2,1|2|1|1|1,113|114|115|116|44,batch_2,hansard,2,2,1,1
en,hansard-199,"1,3",1|1|1|1|1,0|1|0|2|0,113|114|115|116|44,batch_2,hansard,1,1,0,0
en,hansard-199,"2,3",1|1|1|1|1,0|1|0|2|1,113|114|115|116|44,batch_2,hansard,1,1,0,1
en,hansard-2061,"0,2",2|1|1|1|1,0|0|1|1|0,101|102|103|104|44,batch_3,hansard,1,1,0,1
en,hansard-2061,"1,0",0|0|2|2|2,0|0|2|2|0,101|102|103|104|44,batch_3,hansard,2,2,0,2
en,hansard-2061,"1,3",0|2|2|2|2,0|0|2|1|0,101|102|103|104|44,batch_3,hansard,2,2,0,0
en,hansard-2061,"2,3",1|2|0|1|2,0|0|0|2|1,101|102|103|104|44,batch_3,hansard,0,0,0,0
en,hansard-208,"0,1",1|0|2|1|2,1|1|2|1|2,113|114|115|116|44,batch_2,hansard,0,0,1,1
en,hansard-208,"0,2",1|2|2|2|2,1|2|2|1|2,113|114|115|116|44,batch_2,hansard,2,2,2,2
en,hansard-208,"1,3",2|1|1|1|1,2|2|1|1|1,113|114|115|116|44,batch_2,hansard,1,1,1,1
en,hansard-208,"2,3",2|1|1|1|1,2|2|1|1|1,113|114|115|116|44,batch_2,hansard,1,1,1,1
en,hansard-220,"0,1",0|1|1|0|0,0|2|1|1|2,89|90|91|44|92,batch_5,hansard,0,1,0,0
en,hansard-220,"0,2",0|2|1|0|0,0|2|0|2|2,89|90|91|44|92,batch_5,hansard,0,0,2,2
en,hansard-220,"1,3",1|1|1|0|1,0|1|0|0|1,89|90|91|44|92,batch_5,hansard,1,1,0,1
en,hansard-220,"2,3",1|1|1|1|1,0|1|1|1|1,89|90|91|44|92,batch_5,hansard,1,1,1,1
en,hansard-2760,"0,1",2|0|1|2|0,2|0|1|1|0,117|118|119|120|44,batch_7,hansard,0,2,0,1
en,hansard-2760,"0,2",2|2|1|1|0,2|2|1|1|2,117|118|119|120|44,batch_7,hansard,0,0,2,2
en,hansard-2760,"1,3",1|1|2|1|0,1|0|2|1|0,117|118|119|120|44,batch_7,hansard,1,1,0,1
en,hansard-2760,"2,3",1|2|1|1|0,1|2|2|1|1,117|118|119|120|44,batch_7,hansard,1,1,1,1
en,hansard-2931,"0,1",2|2|0|1|2,2|2|0|0|2,121|122|123|44|124,batch_1,hansard,2,2,2,2
en,hansard-2931,"0,2",2|2|1|2|2,2|2|1|2|2,121|122|123|44|124,batch_1,hansard,2,2,2,2
en,hansard-2931,"1,3",1|1|2|1|0,0|1|1|1|1,121|122|123|44|124,batch_1,hansard,1,1,1,1
en,hansard-2931,"2,3",1|1|2|1|0,1|1|2|1|1,121|122|123|44|124,batch_1,hansard,1,1,1,1
en,hansard-3118,"0,1",1|0|1|1|1,0|1|1|1|0,125|126|127|128|44,batch_9,hansard,1,1,1,1
en,hansard-3118,"0,2",0|1|1|1|1,1|2|1|1|2,125|126|127|128|44,batch_9,hansard,1,1,1,1
en,hansard-3118,"1,3",2|1|1|2|0,0|0|2|2|0,125|126|127|128|44,batch_9,hansard,0,0,0,2
en,hansard-3118,"2,3",2|0|2|2|2,0|1|2|1|1,125|126|127|128|44,batch_9,hansard,2,2,1,1
en,hansard-3208,"0,1",2|0|1|2|1,0|0|0|1|0,125|126|127|128|44,batch_9,hansard,0,0,0,1
en,hansard-3208,"0,2",2|0|2|2|1,0|0|2|2|0,125|126|127|128|44,batch_9,hansard,2,2,0,2
en,hansard-3208,"1,3",0|0|1|1|2,2|0|0|2|1,125|126|127|128|44,batch_9,hansard,0,1,0,2
en,hansard-3208,"2,3",1|0|1|1|1,1|1|1|2|1,125|126|127|128|44,batch_9,hansard,1,1,1,1
en,hansard-3211,"0,2",0|1|0|1|1,1|0|1|1|2,109|110|111|112|44,batch_4,hansard,1,1,1,1
en,hansard-3211,"1,0",2|2|2|2|2,0|0|2|0|0,109|110|111|112|44,batch_4,hansard,2,2,0,2
en,hansard-3211,"1,3",0|2|2|2|2,1|2|2|1|0,109|110|111|112|44,batch_4,hansard,2,2,0,0
en,hansard-3211,"2,3",2|2|2|2|2,2|2|2|1|1,109|110|111|112|44,batch_4,hansard,2,2,2,2
en,hansard-3228,"0,1",1|0|1|2|2,1|1|0|2|0,117|118|119|120|44,batch_7,hansard,0,0,0,1
en,hansard-3228,"0,2",1|0|2|2|2,0|1|0|2|2,117|118|119|120|44,batch_7,hansard,2,2,0,2
en,hansard-3228,"1,3",1|2|2|2|1,0|2|0|2|1,117|118|119|120|44,batch_7,hansard,2,2,0,2
en,hansard-3228,"2,3",1|2|0|2|1,1|2|1|2|1,117|118|119|120|44,batch_7,hansard,0,0,1,1
en,hansard-3431,"0,2",0|0|1|0|2,0|0|1|0|1,109|110|111|112|44,batch_4,hansard,0,0,0,1
en,hansard-3431,"1,0",1|0|0|0|1,1|0|2|2|2,109|110|111|112|44,batch_4,hansard,0,1,2,2
en,hansard-3431,"1,3",2|0|0|1|1,1|0|2|1|0,109|110|111|112|44,batch_4,hansard,0,1,0,1
en,hansard-3431,"2,3",1|0|0|0|1,2|0|2|0|1,109|110|111|112|44,batch_4,hansard,0,1,0,2
en,hansard-3480,"0,2",2|1|2|0|0,2|1|2|2|1,89|90|91|44|92,batch_5,hansard,0,2,2,2
en,hansard-3480,"1,0",0|2|1|0|2,0|2|0|2|2,89|90|91|44|92,batch_5,hansard,0,2,2,2
en,hansard-3480,"1,3",2|1|1|0|1,0|2|0|0|2,89|90|91|44|92,batch_5,hansard,1,1,0,2
en,hansard-3480,"2,3",0|1|1|0|0,1|0|1|1|2,89|90|91|44|92,batch_5,hansard,0,1,1,1
en,hansard-3690,"0,1",1|1|1|1|1,2|1|1|0|0,109|110|111|112|44,batch_4,hansard,1,1,0,1
en,hansard-3690,"0,2",1|1|1|1|1,2|1|1|2|2,109|110|111|112|44,batch_4,hansard,1,1,2,2
en,hansard-3690,"1,3",1|2|2|2|2,1|2|2|0|1,109|110|111|112|44,batch_4,hansard,2,2,0,0
en,hansard-3690,"2,3",1|2|2|2|2,0|2|2|1|1,109|110|111|112|44,batch_4,hansard,2,2,0,0
en,hansard-3875,"0,2",1|2|2|1|2,0|2|2|2|0,121|122|123|44|124,batch_1,hansard,2,2,2,2
en,hansard-3875,"1,0",0|1|1|2|1,2|1|1|1|2,121|122|123|44|124,batch_1,hansard,1,1,1,1
en,hansard-3875,"1,3",2|1|1|2|1,0|1|1|1|1,121|122|123|44|124,batch_1,hansard,1,1,1,1
en,hansard-3875,"2,3",2|1|1|2|1,0|1|1|1|2,121|122|123|44|124,batch_1,hansard,1,1,1,1
en,hansard-3876,"0,1",1|2|2|2|2,1|2|2|2|1,97|98|99|100|44,batch_8,hansard,2,2,2,2
en,hansard-3876,"0,2",1|2|2|2|2,1|2|2|0|0,97|98|99|100|44,batch_8,hansard,2,2,0,2
en,hansard-3876,"1,3",1|1|1|1|1,1|1|1|1|0,97|98|99|100|44,batch_8,hansard,1,1,1,1
en,hansard-3876,"2,3",1|0|1|1|1,1|1|1|2|2,97|98|99|100|44,batch_8,hansard,1,1,1,1
en,hansard-4072,"0,2",2|2|2|2|1,0|2|2|0|2,101|102|103|104|44,batch_3,hansard,2,2,2,2
en,hansard-4072,"1,0",1|1|1|1|0,0|1|1|1|2,101|102|103|104|44,batch_3,hansard,1,1,1,1
en,hansard-4072,"1,3",0|0|1|2|0,0|2|1|0|0,101|102|103|104|44,batch_3,hansard,0,0,0,0
en,hansard-4072,"2,3",2|0|1|1|1,0|2|1|0|1,101|102|103|104|44,batch_3,hansard,1,1,0,1
en,hansard-4426,"0,2",2|0|2|1|2,0|0|2|1|2,93|94|95|96|44,batch_10,hansard,2,2,0,2
en,hansard-4426,"1,0",1|2|0|2|0,1|2|2|1|2,93|94|95|96|44,batch_10,hansard,0,2,2,2
en,hansard-4426,"1,3",1|2|1|1|1,1|0|2|1|1,93|94|95|96|44,batch_10,hansard,1,1,1,1
en,hansard-4426,"2,3",1|1|1|2|1,1|0|0|2|1,93|94|95|96|44,batch_10,hansard,1,1,0,1
en,hansard-476,"0,1",1|1|1|1|2,1|2|1|1|0,97|98|99|100|44,batch_8,hansard,1,1,1,1
en,hansard-476,"0,2",1|1|1|1|0,1|2|1|1|0,97|98|99|100|44,batch_8,hansard,1,1,1,1
en,hansard-476,"1,3",2|2|2|2|0,2|1|2|2|0,97|98|99|100|44,batch_8,hansard,2,2,2,2
en,hansard-476,"2,3",2|2|2|2|0,2|1|0|2|0,97|98|99|100|44,batch_8,hansard,2,2,0,2
en,hansard-4985,"0,1",2|2|2|1|2,0|1|2|2|2,125|126|127|128|44,batch_9,hansard,2,2,2,2
en,hansard-4985,"0,2",2|0|2|2|2,2|1|1|2|2,125|126|127|128|44,batch_9,hansard,2,2,2,2
en,hansard-4985,"1,3",1|1|1|1|1,1|0|1|2|1,125|126|127|128|44,batch_9,hansard,1,1,1,1
en,hansard-4985,"2,3",1|1|1|1|1,1|1|1|0|1,125|126|127|128|44,batch_9,hansard,1,1,1,1
en,hansard-5094,"0,2",1|0|2|2|1,0|0|2|2|1,105|106|107|108|44,batch_6,hansard,0,0,0,2
en,hansard-5094,"1,0",2|0|1|1|2,0|0|1|1|2,105|106|107|108|44,batch_6,hansard,0,0,0,1
en,hansard-5094,"1,3",1|1|1|1|2,2|0|1|1|2,105|106|107|108|44,batch_6,hansard,1,1,0,0
en,hansard-5094,"2,3",0|1|1|0|2,0|0|1|1|2,105|106|107|108|44,batch_6,hansard,0,1,0,1
en,hansard-5142,"0,1",2|1|2|1|0,2|2|0|1|0,113|114|115|116|44,batch_2,hansard,0,0,0,2
en,hansard-5142,"0,2",2|1|2|1|0,2|2|0|1|2,113|114|115|116|44,batch_2,hansard,0,0,2,2
en,hansard-5142,"1,3",1|1|1|2|0,1|1|1|2|2,113|114|115|116|44,batch_2,hansard,1,1,1,1
en,hansard-5142,"2,3",1|0|1|2|0,1|1|1|2|1,113|114|115|116|44,batch_2,hansard,0,1,1,1
en,hansard-5208,"0,1",1|2|1|2|1,0|0|1|1|1,117|118|119|120|44,batch_7,hansard,1,1,1,1
en,hansard-5208,"0,2",2|2|1|2|1,2|2|0|1|0,117|118|119|120|44,batch_7,hansard,2,2,0,2
en,hansard-5208,"1,3",1|1|0|1|2,1|2|2|1|0,117|118|119|120|44,batch_7,hansard,1,1,0,0
en,hansard-5208,"2,3",1|1|1|1|2,1|2|0|2|1,117|118|119|120|44,batch_7,hansard,1,1,0,0
en,hansard-5282,"0,1",0|0|2|2|1,0|2|1|1|1,101|102|103|104|44,batch_3,hansard,0,2,1,1
en,hansard-5282,"0,2",0|0|0|2|1,0|2|1|1|1,101|102|103|104|44,batch_3,hansard,0,0,1,1
en,hansard-5282,"1,3",0|1|1|0|0,0|1|0|0|0,101|102|103|104|44,batch_3,hansard,0,1,0,1
en,hansard-5282,"2,3",0|1|1|1|1,0|1|1|1|1,101|102|103|104|44,batch_3,hansard,1,1,1,1
en,hansard-5298,"0,1",2|2|0|1|2,0|1|0|1|2,121|122|123|44|124,batch_1,hansard,2,2,0,1
en,hansard-5298,"0,2",2|2|2|1|0,2|1|0|0|2,121|122|123|44|124,batch_1,hansard,2,2,0,2
en,hansard-5298,"1,3",2|2|0|2|0,0|2|1|0|1,121|122|123|44|124,batch_1,hansard,2,2,0,1
en,hansard-5298,"2,3",0|2|1|2|1,0|2|1|0|1,121|122|123|44|124,batch_1,hansard,0,0,0,1
en,hansard-5313,"0,1",1|1|2|1|1,1|1|0|1|0,113|114|115|116|44,batch_2,hansard,1,1,1,1
en,hansard-5313,"0,2",2|0|2|0|1,2|1|0|2|2,113|114|115|116|44,batch_2,hansard,0,2,2,2
en,hansard-5313,"1,3",1|2|1|1|2,2|2|0|1|0,113|114|115|116|44,batch_2,hansard,1,1,0,2
en,hansard-5313,"2,3",2|1|1|0|2,2|2|0|1|1,113|114|115|116|44,batch_2,hansard,0,0,0,0
en,hansard-5334,"0,2",0|0|2|1|0,2|1|0|1|2,97|98|99|100|44,batch_8,hansard,0,0,0,0
en,hansard-5334,"1,0",1|0|1|0|0,2|0|0|2|2,97|98|99|100|44,batch_8,hansard,0,1,2,2
en,hansard-5334,"1,3",0|0|1|1|0,1|0|0|1|0,97|98|99|100|44,batch_8,hansard,0,1,0,1
en,hansard-5334,"2,3",0|0|1|1|0,1|1|0|0|1,97|98|99|100|44,batch_8,hansard,0,1,1,1
en,hansard-5338,"0,2",2|2|0|0|0,1|0|2|2|2,105|106|107|108|44,batch_6,hansard,0,2,2,2
en,hansard-5338,"1,0",0|1|1|1|0,2|0|1|1|2,105|106|107|108|44,batch_6,hansard,1,1,0,0
en,hansard-5338,"1,3",0|1|1|0|0,2|0|1|1|1,105|106|107|108|44,batch_6,hansard,0,1,1,1
en,hansard-5338,"2,3",2|2|1|0|1,0|0|1|1|1,105|106|107|108|44,batch_6,hansard,0,0,1,1
en,hansard-5697,"0,2",1|2|2|2|1,0|2|2|0|2,121|122|123|44|124,batch_1,hansard,2,2,2,2
en,hansard-5697,"1,0",1|1|1|1|0,0|2|1|0|2,121|122|123|44|124,batch_1,hansard,1,1,0,2
en,hansard-5697,"1,3",0|1|1|1|1,0|1|1|1|1,121|122|123|44|124,batch_1,hansard,1,1,1,1
en,hansard-5697,"2,3",0|1|1|1|0,1|1|1|1|1,121|122|123|44|124,batch_1,hansard,1,1,1,1
en,hansard-6014,"0,2",2|2|1|0|0,2|0|1|2|0,89|90|91|44|92,batch_5,hansard,0,2,0,2
en,hansard-6014,"1,0",1|1|0|0|0,0|1|0|1|2,89|90|91|44|92,batch_5,hansard,0,1,0,1
en,hansard-6014,"1,3",1|1|1|0|1,0|1|0|1|1,89|90|91|44|92,batch_5,hansard,1,1,1,1
en,hansard-6014,"2,3",1|1|1|0|1,0|1|0|1|1,89|90|91|44|92,batch_5,hansard,1,1,1,1
en,hansard-6157,"0,2",1|2|2|2|2,1|1|1|1|2,97|98|99|100|44,batch_8,hansard,2,2,1,1
en,hansard-6157,"1,0",2|2|2|2|1,2|2|2|2|0,97|98|99|100|44,batch_8,hansard,2,2,2,2
en,hansard-6157,"1,3",2|2|1|0|1,2|0|2|2|0,97|98|99|100|44,batch_8,hansard,0,0,2,2
en,hansard-6157,"2,3",2|2|2|1|1,2|1|2|2|1,97|98|99|100|44,batch_8,hansard,2,2,2,2
en,hansard-6200,"0,1",1|2|0|2|2,1|0|0|2|2,117|118|119|120|44,batch_7,hansard,2,2,0,2
en,hansard-6200,"0,2",1|2|0|2|2,0|2|0|2|2,117|118|119|120|44,batch_7,hansard,2,2,2,2
en,hansard-6200,"1,3",1|2|0|2|1,0|2|0|2|1,117|118|119|120|44,batch_7,hansard,0,0,0,2
en,hansard-6200,"2,3",1|2|0|2|1,1|1|0|2|1,117|118|119|120|44,batch_7,hansard,0,0,1,1
en,hansard-6204,"0,1",0|2|1|0|0,1|2|1|2|2,109|110|111|112|44,batch_4,hansard,0,0,2,2
en,hansard-6204,"0,2",1|2|1|0|0,1|2|1|2|2,109|110|111|112|44,batch_4,hansard,0,1,2,2
en,hansard-6204,"1,3",0|1|2|2|2,1|1|2|1|1,109|110|111|112|44,batch_4,hansard,2,2,1,1
en,hansard-6204,"2,3",2|1|2|1|0,0|1|2|1|1,109|110|111|112|44,batch_4,hansard,0,0,1,1
en,hansard-720,"0,2",0|1|1|1|0,2|0|1|1|2,105|106|107|108|44,batch_6,hansard,1,1,0,0
en,hansard-720,"1,0",0|2|2|2|0,1|0|2|2|2,105|106|107|108|44,batch_6,hansard,2,2,2,2
en,hansard-720,"1,3",1|0|2|2|0,1|0|2|2|1,105|106|107|108|44,batch_6,hansard,0,2,0,0
en,hansard-720,"2,3",2|0|1|2|0,1|0|2|2|1,105|106|107|108|44,batch_6,hansard,0,2,0,0
en,hansard-774,"0,1",2|2|0|0|0,1|0|1|1|1,105|106|107|108|44,batch_6,hansard,0,2,1,1
en,hansard-774,"0,2",2|0|0|1|0,1|0|1|0|1,105|106|107|108|44,batch_6,hansard,0,0,1,1
en,hansard-774,"1,3",0|1|1|0|0,0|0|1|2|1,105|106|107|108|44,batch_6,hansard,0,1,0,1
en,hansard-774,"2,3",2|1|1|2|0,1|0|1|0|0,105|106|107|108|44,batch_6,hansard,0,0,0,1
en,hansard-775,"0,1",2|1|2|0|2,0|1|0|0|2,101|102|103|104|44,batch_3,hansard,2,2,0,0
en,hansard-775,"0,2",2|1|0|2|2,0|0|1|0|2,101|102|103|104|44,batch_3,hansard,2,2,0,0
en,hansard-775,"1,3",0|2|0|1|1,0|2|0|0|1,101|102|103|104|44,batch_3,hansard,0,1,0,0
en,hansard-775,"2,3",0|2|1|0|1,0|2|1|0|1,101|102|103|104|44,batch_3,hansard,0,1,0,1
en,hansard-778,"0,1",1|2|0|1|2,1|1|2|1|0,121|122|123|44|124,batch_1,hansard,0,0,1,1
en,hansard-778,"0,2",0|2|0|1|1,0|1|2|0|2,121|122|123|44|124,batch_1,hansard,0,1,0,2
en,hansard-778,"1,3",0|1|2|2|2,2|1|0|0|0,121|122|123|44|124,batch_1,hansard,2,2,0,0
en,hansard-778,"2,3",2|1|0|2|0,0|1|1|1|1,121|122|123|44|124,batch_1,hansard,0,2,1,1
en,hansard-780,"0,1",2|1|1|1|2,1|1|1|2|0,113|114|115|116|44,batch_2,hansard,1,1,1,1
en,hansard-780,"0,2",2|2|1|1|2,1|2|1|1|2,113|114|115|116|44,batch_2,hansard,2,2,1,1
en,hansard-780,"1,3",1|1|2|0|1,2|2|2|1|0,113|114|115|116|44,batch_2,hansard,1,1,2,2
en,hansard-780,"2,3",1|2|1|1|1,2|1|0|2|1,113|114|115|116|44,batch_2,hansard,1,1,0,0
en,hansard-797,"0,1",0|1|1|2|2,2|1|1|1|1,125|126|127|128|44,batch_9,hansard,0,0,1,1
en,hansard-797,"0,2",0|2|2|1|2,0|0|1|0|1,125|126|127|128|44,batch_9,hansard,2,2,0,1
en,hansard-797,"1,3",0|1|2|1|1,1|0|2|1|0,125|126|127|128|44,batch_9,hansard,1,1,0,1
en,hansard-797,"2,3",0|0|2|2|1,0|0|2|2|0,125|126|127|128|44,batch_9,hansard,0,2,0,2
en,hansard-914,"0,2",2|2|2|1|2,2|1|2|1|2,117|118|119|120|44,batch_7,hansard,2,2,2,2
en,hansard-914,"1,0",2|0|2|1|1,0|2|2|1|0,117|118|119|120|44,batch_7,hansard,0,0,0,2
en,hansard-914,"1,3",2|2|1|1|1,0|1|0|1|0,117|118|119|120|44,batch_7,hansard,1,1,0,1
en,hansard-914,"2,3",1|1|1|1|1,1|0|1|1|1,117|118|119|120|44,batch_7,hansard,1,1,1,1
en,hansard-924,"0,2",0|1|1|1|0,0|2|1|1|0,125|126|127|128|44,batch_9,hansard,1,1,0,1
en,hansard-924,"1,0",2|2|2|1|0,0|0|2|1|0,125|126|127|128|44,batch_9,hansard,2,2,0,0
en,hansard-924,"1,3",2|0|2|2|0,2|0|2|1|1,125|126|127|128|44,batch_9,hansard,2,2,0,0
en,hansard-924,"2,3",0|1|2|2|0,2|2|2|2|1,125|126|127|128|44,batch_9,hansard,0,2,2,2
en,hansard-929,"0,2",1|1|2|2|2,1|2|2|2|2,89|90|91|44|92,batch_5,hansard,2,2,2,2
en,hansard-929,"1,0",2|2|2|1|1,2|1|1|1|1,89|90|91|44|92,batch_5,hansard,2,2,1,1
en,hansard-929,"1,3",2|1|1|1|1,2|2|1|1|1,89|90|91|44|92,batch_5,hansard,1,1,1,1
en,hansard-929,"2,3",1|1|1|1|1,2|1|1|1|1,89|90|91|44|92,batch_5,hansard,1,1,1,1
en,hansard_bill-1,"1,0",0|1|1|1|2,0|2|1|0|2,129|130|131|7|132,batch_8,hansard_bill,1,1,0,2
en,hansard_bill-1,"2,0",0|1|1|1|2,2|1|1|0|0,129|130|131|7|132,batch_8,hansard_bill,1,1,0,1
en,hansard_bill-1,"3,1",0|2|0|2|2,1|2|2|0|0,129|130|131|7|132,batch_8,hansard_bill,2,2,0,2
en,hansard_bill-1,"3,2",2|2|2|0|2,0|2|2|2|2,129|130|131|7|132,batch_8,hansard_bill,2,2,2,2
en,hansard_bill-1009,"1,0",2|0|2|0|0,1|1|2|2|0,133|134|135|136|132,batch_6,hansard_bill,0,2,0,0
en,hansard_bill-1009,"2,0",0|2|2|0|0,0|1|0|0|1,133|134|135|136|132,batch_6,hansard_bill,0,2,0,1
en,hansard_bill-1009,"3,1",0|0|1|2|0,0|2|0|1|2,133|134|135|136|132,batch_6,hansard_bill,0,0,0,2
en,hansard_bill-1009,"3,2",2|1|2|2|0,2|2|2|0|2,133|134|135|136|132,batch_6,hansard_bill,2,2,2,2
en,hansard_bill-1010,"0,1",2|1|1|2|1,1|1|1|1|0,137|138|139|140|132,batch_1,hansard_bill,1,1,1,1
en,hansard_bill-1010,"2,0",2|0|2|2|1,1|2|1|0|1,137|138|139|140|132,batch_1,hansard_bill,2,2,1,1
en,hansard_bill-1010,"3,1",0|1|2|2|2,2|1|0|2|0,137|138|139|140|132,batch_1,hansard_bill,2,2,0,2
en,hansard_bill-1010,"3,2",1|1|2|2|2,0|1|2|2|2,137|138|139|140|132,batch_1,hansard_bill,2,2,2,2
en,hansard_bill-1022,"0,1",1|1|0|0|1,2|0|0|0|1,141|142|143|144|132,batch_2,hansard_bill,1,1,0,0
en,hansard_bill-1022,"0,2",2|0|0|2|0,2|2|0|0|0,141|142|143|144|132,batch_2,hansard_bill,0,2,0,2
en,hansard_bill-1022,"1,3",1|0|2|0|0,0|0|0|1|0,141|142|143|144|132,batch_2,hansard_bill,0,0,0,1
en,hansard_bill-1022,"3,2",0|0|0|2|0,2|2|2|2|0,141|142|143|144|132,batch_2,hansard_bill,0,2,2,2
en,hansard_bill-1023,"0,1",1|1|1|1|1,1|1|1|1|1,129|130|131|7|132,batch_8,hansard_bill,1,1,1,1
en,hansard_bill-1023,"1,3",2|2|2|2|2,2|2|2|2|0,129|130|131|7|132,batch_8,hansard_bill,2,2,2,2
en,hansard_bill-1023,"2,0",2|2|0|2|0,1|2|0|0|1,129|130|131|7|132,batch_8,hansard_bill,2,2,0,1
en,hansard_bill-1023,"3,2",1|1|0|1|2,0|0|0|0|2,129|130|131|7|132,batch_8,hansard_bill,1,1,0,2
en,hansard_bill-1035,"0,1",1|1|2|0|1,1|1|2|0|1,145|146|147|148|132,batch_3,hansard_bill,1,1,1,1
en,hansard_bill-1035,"1,3",0|2|1|0|2,0|2|1|1|1,145|146|147|148|132,batch_3,hansard_bill,0,2,1,1
en,hansard_bill-1035,"2,0",2|1|0|0|2,0|2|1|2|2,145|146|147|148|132,batch_3,hansard_bill,0,2,2,2
en,hansard_bill-1035,"3,2",2|1|2|0|1,2|1|2|1|1,145|146|147|148|132,batch_3,hansard_bill,0,0,1,1
en,hansard_bill-1036,"0,1",1|0|1|1|1,1|0|1|1|1,149|150|151|152|132,batch_9,hansard_bill,1,1,1,1
en,hansard_bill-1036,"0,2",0|1|0|0|0,0|0|2|0|0,149|150|151|152|132,batch_9,hansard_bill,0,1,0,2
en,hansard_bill-1036,"3,1",1|0|1|1|1,1|0|1|1|1,149|150|151|152|132,batch_9,hansard_bill,1,1,1,1
en,hansard_bill-1036,"3,2",0|1|1|0|2,2|0|1|2|0,149|150|151|152|132,batch_9,hansard_bill,0,1,0,2
en,hansard_bill-1055,"0,1",2|2|2|2|1,0|1|2|0|0,153|154|155|156|72,batch_4,hansard_bill,2,2,0,0
en,hansard_bill-1055,"0,2",2|1|2|2|1,1|0|2|0|2,153|154|155|156|72,batch_4,hansard_bill,2,2,0,2
en,hansard_bill-1055,"1,3",0|1|1|1|2,1|1|1|1|1,153|154|155|156|72,batch_4,hansard_bill,1,1,1,1
en,hansard_bill-1055,"3,2",2|2|2|2|0,2|2|2|2|2,153|154|155|156|72,batch_4,hansard_bill,2,2,2,2
en,hansard_bill-1076,"0,2",2|2|1|2|0,0|2|2|2|2,141|142|143|144|72,batch_2,hansard_bill,2,2,2,2
en,hansard_bill-1076,"1,0",1|1|2|0|2,1|1|0|1|1,141|142|143|144|72,batch_2,hansard_bill,0,0,1,1
en,hansard_bill-1076,"1,3",1|1|0|1|0,1|2|0|1|1,141|142|143|144|72,batch_2,hansard_bill,1,1,1,1
en,hansard_bill-1076,"2,3",1|1|0|1|1,1|1|0|2|1,141|142|143|144|72,batch_2,hansard_bill,1,1,1,1
en,hansard_bill-1089,"1,0",2|1|2|2|2,2|1|2|1|2,149|150|151|152|72,batch_9,hansard_bill,2,2,2,2
en,hansard_bill-1089,"1,3",2|1|2|1|0,2|1|2|1|1,149|150|151|152|72,batch_9,hansard_bill,0,0,1,1
en,hansard_bill-1089,"2,0",2|2|0|2|2,2|1|2|2|1,149|150|151|152|72,batch_9,hansard_bill,2,2,2,2
en,hansard_bill-1089,"3,2",1|1|0|2|1,1|2|1|2|2,149|150|151|152|72,batch_9,hansard_bill,1,1,2,2
en,hansard_bill-110,"0,1",2|1|1|1|0,2|0|0|2|1,157|158|159|160|72,batch_7,hansard_bill,1,1,0,2
en,hansard_bill-110,"0,2",2|0|0|0|0,2|0|0|0|2,157|158|159|160|72,batch_7,hansard_bill,0,2,0,2
en,hansard_bill-110,"2,3",1|0|1|0|0,1|0|1|1|1,157|158|159|160|72,batch_7,hansard_bill,0,1,1,1
en,hansard_bill-110,"3,1",2|0|0|1|2,2|2|0|2|1,157|158|159|160|72,batch_7,hansard_bill,0,2,2,2
en,hansard_bill-1102,"1,0",2|0|0|1|0,2|1|0|1|2,157|158|159|160|72,batch_7,hansard_bill,0,0,0,0
en,hansard_bill-1102,"1,3",1|0|0|1|2,0|0|0|1|1,157|158|159|160|72,batch_7,hansard_bill,0,1,0,1
en,hansard_bill-1102,"2,0",2|1|0|1|0,1|0|0|0|1,157|158|159|160|72,batch_7,hansard_bill,0,1,0,1
en,hansard_bill-1102,"3,2",1|2|0|2|1,2|0|0|2|2,157|158|159|160|72,batch_7,hansard_bill,0,0,2,2
en,hansard_bill-1123,"0,1",2|0|2|0|1,1|2|1|0|1,137|138|139|140|4,batch_1,hansard_bill,0,2,1,1
en,hansard_bill-1123,"1,3",1|0|0|2|2,2|2|2|0|2,137|138|139|140|4,batch_1,hansard_bill,0,2,2,2
en,hansard_bill-1123,"2,0",2|2|2|1|1,1|2|0|1|1,137|138|139|140|4,batch_1,hansard_bill,2,2,1,1
en,hansard_bill-1123,"3,2",2|0|2|2|2,1|0|1|2|2,137|138|139|140|4,batch_1,hansard_bill,2,2,0,0
en,hansard_bill-1135,"1,0",1|0|1|1|1,1|0|1|1|2,157|158|159|160|4,batch_7,hansard_bill,1,1,1,1
en,hansard_bill-1135,"1,3",1|0|1|1|1,1|0|1|0|2,157|158|159|160|4,batch_7,hansard_bill,1,1,0,1
en,hansard_bill-1135,"2,0",1|1|1|1|1,1|1|1|1|1,157|158|159|160|4,batch_7,hansard_bill,1,1,1,1
en,hansard_bill-1135,"2,3",1|1|1|1|1,1|1|1|1|1,157|158|159|160|4,batch_7,hansard_bill,1,1,1,1
en,hansard_bill-1161,"0,1",0|2|2|0|2,2|1|0|2|1,141|142|143|144|4,batch_2,hansard_bill,2,2,0,0
en,hansard_bill-1161,"1,3",1|2|1|1|2,1|0|0|0|0,141|142|143|144|4,batch_2,hansard_bill,1,1,0,1
en,hansard_bill-1161,"2,0",1|1|1|1|1,1|1|1|1|1,141|142|143|144|4,batch_2,hansard_bill,1,1,1,1
en,hansard_bill-1161,"3,2",2|2|2|2|2,2|2|0|2|2,141|142|143|144|4,batch_2,hansard_bill,2,2,2,2
en,hansard_bill-1189,"1,0",1|2|2|1|1,1|0|0|1|0,133|134|135|136|132,batch_6,hansard_bill,1,1,0,1
en,hansard_bill-1189,"1,3",1|1|1|1|1,0|0|0|1|0,133|134|135|136|132,batch_6,hansard_bill,1,1,0,1
en,hansard_bill-1189,"2,0",1|0|1|1|1,1|0|1|1|1,133|134|135|136|132,batch_6,hansard_bill,1,1,1,1
en,hansard_bill-1189,"2,3",0|0|1|1|1,0|2|1|1|1,133|134|135|136|132,batch_6,hansard_bill,1,1,1,1
en,hansard_bill-1202,"0,1",2|0|2|1|1,0|0|0|1|1,137|138|139|140|132,batch_1,hansard_bill,0,0,0,1
en,hansard_bill-1202,"0,2",2|0|1|1|1,0|0|0|1|1,137|138|139|140|132,batch_1,hansard_bill,1,1,0,1
en,hansard_bill-1202,"3,1",1|0|1|2|1,2|1|2|2|0,137|138|139|140|132,batch_1,hansard_bill,1,1,2,2
en,hansard_bill-1202,"3,2",0|0|0|2|1,1|2|0|1|0,137|138|139|140|132,batch_1,hansard_bill,0,0,0,1
en,hansard_bill-1215,"0,1",2|0|1|2|2,2|0|1|1|0,161|162|163|164|132,batch_5,hansard_bill,2,2,0,1
en,hansard_bill-1215,"2,0",1|0|2|0|0,1|0|2|2|1,161|162|163|164|132,batch_5,hansard_bill,0,0,0,0
en,hansard_bill-1215,"2,3",1|1|0|1|1,1|1|0|0|1,161|162|163|164|132,batch_5,hansard_bill,1,1,1,1
en,hansard_bill-1215,"3,1",2|2|2|2|2,2|0|2|0|0,161|162|163|164|132,batch_5,hansard_bill,2,2,0,2
en,hansard_bill-1228,"0,2",1|1|1|1|1,1|0|1|1|1,161|162|163|164|132,batch_5,hansard_bill,1,1,1,1
en,hansard_bill-1228,"1,0",2|2|2|2|2,2|2|2|2|2,161|162|163|164|132,batch_5,hansard_bill,2,2,2,2
en,hansard_bill-1228,"2,3",2|0|2|2|2,2|2|2|0|2,161|162|163|164|132,batch_5,hansard_bill,2,2,2,2
en,hansard_bill-1228,"3,1",1|1|1|1|1,1|1|1|0|1,161|162|163|164|132,batch_5,hansard_bill,1,1,1,1
en,hansard_bill-1241,"1,0",2|2|1|0|2,0|2|0|0|2,133|134|135|136|132,batch_6,hansard_bill,2,2,0,2
en,hansard_bill-1241,"1,3",1|1|2|1|2,2|0|1|0|2,133|134|135|136|132,batch_6,hansard_bill,1,1,0,2
en,hansard_bill-1241,"2,0",1|0|1|0|2,0|2|1|1|2,133|134|135|136|132,batch_6,hansard_bill,0,1,0,0
en,hansard_bill-1241,"2,3",0|0|1|1|2,2|2|1|1|2,133|134|135|136|132,batch_6,hansard_bill,0,1,2,2
en,hansard_bill-125,"0,2",0|2|1|1|0,1|0|1|0|1,161|162|163|164|4,batch_5,hansard_bill,0,1,1,1
en,hansard_bill-125,"1,0",2|0|2|0|2,0|2|2|1|2,161|162|163|164|4,batch_5,hansard_bill,2,2,2,2
en,hansard_bill-125,"1,3",0|2|2|0|2,2|0|2|1|2,161|162|163|164|4,batch_5,hansard_bill,2,2,2,2
en,hansard_bill-125,"2,3",1|0|2|0|2,0|0|2|0|2,161|162|163|164|4,batch_5,hansard_bill,0,2,0,2
en,hansard_bill-1254,"0,2",2|2|2|2|1,2|2|2|1|1,145|146|147|148|132,batch_3,hansard_bill,2,2,2,2
en,hansard_bill-1254,"1,0",1|2|1|1|2,1|2|1|2|2,145|146|147|148|132,batch_3,hansard_bill,1,1,2,2
en,hansard_bill-1254,"1,3",1|1|1|1|2,1|2|1|2|2,145|146|147|148|132,batch_3,hansard_bill,1,1,2,2
en,hansard_bill-1254,"2,3",1|1|1|1|2,1|1|1|2|2,145|146|147|148|132,batch_3,hansard_bill,1,1,1,1
en,hansard_bill-126,"0,2",2|0|2|0|1,2|2|2|2|1,129|130|131|7|132,batch_8,hansard_bill,0,2,2,2
en,hansard_bill-126,"1,0",0|0|0|0|2,1|2|0|1|2,129|130|131|7|132,batch_8,hansard_bill,0,2,0,0
en,hansard_bill-126,"1,3",0|0|0|1|1,1|1|2|1|2,129|130|131|7|132,batch_8,hansard_bill,0,1,1,1
en,hansard_bill-126,"2,3",1|1|2|1|1,1|1|1|1|0,129|130|131|7|132,batch_8,hansard_bill,1,1,1,1
en,hansard_bill-1266,"0,2",0|0|2|0|1,1|0|2|2|1,153|154|155|156|132,batch_4,hansard_bill,0,0,0,0
en,hansard_bill-1266,"1,0",2|2|2|2|2,2|2|2|2|2,153|154|155|156|132,batch_4,hansard_bill,2,2,2,2
en,hansard_bill-1266,"3,1",1|0|0|2|1,1|2|0|1|1,153|154|155|156|132,batch_4,hansard_bill,0,1,1,1
en,hansard_bill-1266,"3,2",1|0|2|2|1,0|0|2|2|1,153|154|155|156|132,batch_4,hansard_bill,0,0,0,2
en,hansard_bill-13,"0,1",0|2|0|1|2,2|2|0|1|1,145|146|147|148|132,batch_3,hansard_bill,0,2,0,0
en,hansard_bill-13,"0,2",0|2|2|0|2,0|2|0|1|1,145|146|147|148|132,batch_3,hansard_bill,2,2,0,1
en,hansard_bill-13,"2,3",1|1|1|1|1,1|1|0|2|1,145|146|147|148|132,batch_3,hansard_bill,1,1,1,1
en,hansard_bill-13,"3,1",0|2|0|1|2,0|2|0|1|0,145|146|147|148|132,batch_3,hansard_bill,0,2,0,0
en,hansard_bill-130,"1,0",1|2|0|2|2,2|2|0|2|2,141|142|143|144|4,batch_2,hansard_bill,2,2,2,2
en,hansard_bill-130,"2,0",1|2|1|0|1,0|2|0|0|2,141|142|143|144|4,batch_2,hansard_bill,1,1,0,2
en,hansard_bill-130,"3,1",0|1|0|1|2,0|1|0|1|1,141|142|143|144|4,batch_2,hansard_bill,0,1,1,1
en,hansard_bill-130,"3,2",2|1|0|2|2,2|1|0|0|1,141|142|143|144|4,batch_2,hansard_bill,2,2,0,1
en,hansard_bill-223,"0,1",2|1|1|1|2,0|1|0|1|1,153|154|155|156|4,batch_4,hansard_bill,1,1,1,1
en,hansard_bill-223,"0,2",0|2|1|2|2,0|2|2|2|2,153|154|155|156|4,batch_4,hansard_bill,2,2,2,2
en,hansard_bill-223,"2,3",2|0|2|2|1,1|2|1|1|1,153|154|155|156|4,batch_4,hansard_bill,2,2,1,1
en,hansard_bill-223,"3,1",2|1|1|1|2,2|1|0|0|0,153|154|155|156|4,batch_4,hansard_bill,1,1,0,0
en,hansard_bill-226,"0,1",0|2|0|2|2,1|1|0|1|1,129|130|131|7|132,batch_8,hansard_bill,2,2,1,1
en,hansard_bill-226,"0,2",2|0|0|2|2,2|2|0|0|1,129|130|131|7|132,batch_8,hansard_bill,2,2,0,2
en,hansard_bill-226,"3,1",2|2|2|2|2,1|2|2|0|2,129|130|131|7|132,batch_8,hansard_bill,2,2,2,2
en,hansard_bill-226,"3,2",2|2|2|2|2,2|0|2|2|2,129|130|131|7|132,batch_8,hansard_bill,2,2,2,2
en,hansard_bill-238,"0,1",1|1|1|2|1,0|1|0|2|1,165|166|167|168|132,batch_10,hansard_bill,1,1,0,1
en,hansard_bill-238,"0,2",1|1|1|2|1,1|1|0|2|1,165|166|167|168|132,batch_10,hansard_bill,1,1,1,1
en,hansard_bill-238,"3,1",1|1|0|2|1,0|1|0|2|0,165|166|167|168|132,batch_10,hansard_bill,1,1,0,0
en,hansard_bill-238,"3,2",0|1|0|2|1,0|1|0|2|0,165|166|167|168|132,batch_10,hansard_bill,0,1,0,0
en,hansard_bill-25,"0,1",0|0|1|0|0,0|0|1|1|0,161|162|163|164|132,batch_5,hansard_bill,0,1,0,1
en,hansard_bill-25,"0,2",2|1|1|0|2,0|1|1|2|1,161|162|163|164|132,batch_5,hansard_bill,0,0,1,1
en,hansard_bill-25,"1,3",0|2|2|1|0,1|0|2|1|0,161|162|163|164|132,batch_5,hansard_bill,0,2,0,1
en,hansard_bill-25,"3,2",2|0|1|1|0,0|0|1|0|0,161|162|163|164|132,batch_5,hansard_bill,0,1,0,1
en,hansard_bill-281,"0,1",2|2|2|1|0,1|2|0|2|1,153|154|155|156|132,batch_4,hansard_bill,2,2,0,0
en,hansard_bill-281,"2,0",1|1|2|0|0,0|0|1|0|0,153|154|155|156|132,batch_4,hansard_bill,0,1,0,1
en,hansard_bill-281,"3,1",2|2|2|1|0,1|1|2|2|1,153|154|155|156|132,batch_4,hansard_bill,2,2,1,1
en,hansard_bill-281,"3,2",2|2|2|2|0,0|1|2|2|0,153|154|155|156|132,batch_4,hansard_bill,2,2,0,2
en,hansard_bill-282,"1,0",2|0|2|2|2,2|2|0|2|2,149|150|151|152|132,batch_9,hansard_bill,2,2,2,2
en,hansard_bill-282,"1,3",2|1|0|0|2,2|1|2|1|2,149|150|151|152|132,batch_9,hansard_bill,0,2,2,2
en,hansard_bill-282,"2,0",2|1|2|0|2,2|0|2|0|2,149|150|151|152|132,batch_9,hansard_bill,2,2,2,2
en,hansard_bill-282,"2,3",2|1|2|0|2,2|1|1|0|2,149|150|151|152|132,batch_9,hansard_bill,2,2,0,0
en,hansard_bill-315,"0,1",1|1|1|2|1,1|1|0|2|1,165|166|167|168|132,batch_10,hansard_bill,1,1,1,1
en,hansard_bill-315,"1,3",2|0|1|1|2,2|2|1|1|2,165|166|167|168|132,batch_10,hansard_bill,0,0,2,2
en,hansard_bill-315,"2,0",2|2|1|2|2,2|2|0|1|2,165|166|167|168|132,batch_10,hansard_bill,2,2,2,2
en,hansard_bill-315,"3,2",1|1|0|2|1,1|1|1|2|1,165|166|167|168|132,batch_10,hansard_bill,1,1,1,1
en,hansard_bill-36,"0,1",1|1|2|1|0,1|0|0|0|0,149|150|151|152|132,batch_9,hansard_bill,1,1,0,1
en,hansard_bill-36,"0,2",0|2|0|0|0,0|2|0|0|2,149|150|151|152|132,batch_9,hansard_bill,0,2,0,2
en,hansard_bill-36,"1,3",0|0|0|0|2,2|1|0|2|2,149|150|151|152|132,batch_9,hansard_bill,0,2,2,2
en,hansard_bill-36,"2,3",0|2|0|1|0,0|1|0|0|1,149|150|151|152|132,batch_9,hansard_bill,0,0,0,1
en,hansard_bill-37,"1,0",1|1|0|1|2,2|0|2|0|2,129|130|131|7|132,batch_8,hansard_bill,1,1,2,2
en,hansard_bill-37,"2,0",2|1|0|1|2,2|0|0|1|2,129|130|131|7|132,batch_8,hansard_bill,0,0,0,2
en,hansard_bill-37,"3,1",1|2|0|2|1,1|2|1|0|1,129|130|131|7|132,batch_8,hansard_bill,0,0,1,1
en,hansard_bill-37,"3,2",1|2|2|2|1,1|2|0|1|1,129|130|131|7|132,batch_8,hansard_bill,2,2,1,1
en,hansard_bill-418,"0,1",1|1|1|1|1,1|1|1|1|1,157|158|159|160|4,batch_7,hansard_bill,1,1,1,1
en,hansard_bill-418,"0,2",1|1|1|1|1,1|1|1|1|1,157|158|159|160|4,batch_7,hansard_bill,1,1,1,1
en,hansard_bill-418,"1,3",2|0|2|0|2,1|0|2|1|0,157|158|159|160|4,batch_7,hansard_bill,2,2,0,1
en,hansard_bill-418,"2,3",2|0|2|1|2,1|0|2|0|1,157|158|159|160|4,batch_7,hansard_bill,2,2,0,1
en,hansard_bill-47,"1,0",1|0|1|1|1,1|2|1|1|0,161|162|163|164|132,batch_5,hansard_bill,1,1,1,1
en,hansard_bill-47,"1,3",1|0|1|1|0,1|2|1|2|1,161|162|163|164|132,batch_5,hansard_bill,1,1,1,1
en,hansard_bill-47,"2,0",1|1|0|2|1,1|0|1|2|1,161|162|163|164|132,batch_5,hansard_bill,1,1,1,1
en,hansard_bill-47,"3,2",2|0|2|0|2,2|2|2|0|2,161|162|163|164|132,batch_5,hansard_bill,2,2,2,2
en,hansard_bill-477,"0,1",0|1|2|0|2,0|1|0|1|1,145|146|147|148|4,batch_3,hansard_bill,0,2,1,1
en,hansard_bill-477,"1,3",2|1|1|0|1,0|2|0|2|2,145|146|147|148|4,batch_3,hansard_bill,1,1,2,2
en,hansard_bill-477,"2,0",0|2|2|2|1,1|2|0|2|1,145|146|147|148|4,batch_3,hansard_bill,2,2,0,0
en,hansard_bill-477,"2,3",0|2|1|1|1,0|1|0|1|1,145|146|147|148|4,batch_3,hansard_bill,1,1,1,1
en,hansard_bill-499,"0,1",2|2|1|2|2,0|2|1|2|1,165|166|167|168|4,batch_10,hansard_bill,2,2,0,0
en,hansard_bill-499,"1,3",0|1|1|1|0,0|1|1|2|2,165|166|167|168|4,batch_10,hansard_bill,1,1,0,0
en,hansard_bill-499,"2,0",0|1|0|1|0,1|1|2|0|1,165|166|167|168|4,batch_10,hansard_bill,0,1,1,1
en,hansard_bill-499,"2,3",1|1|1|1|1,0|1|1|1|1,165|166|167|168|4,batch_10,hansard_bill,1,1,1,1
en,hansard_bill-523,"1,0",2|2|0|1|2,2|2|2|1|2,141|142|143|144|132,batch_2,hansard_bill,2,2,2,2
en,hansard_bill-523,"2,0",0|0|0|0|2,1|0|0|0|2,141|142|143|144|132,batch_2,hansard_bill,0,2,0,0
en,hansard_bill-523,"2,3",1|1|0|0|2,1|1|1|1|1,141|142|143|144|132,batch_2,hansard_bill,0,1,1,1
en,hansard_bill-523,"3,1",0|0|0|2|1,2|2|0|2|1,141|142|143|144|132,batch_2,hansard_bill,0,0,2,2
en,hansard_bill-567,"0,2",2|2|0|0|0,0|2|1|0|2,165|166|167|168|132,batch_10,hansard_bill,0,2,0,2
en,hansard_bill-567,"1,0",1|2|1|0|2,0|2|0|0|0,165|166|167|168|132,batch_10,hansard_bill,0,0,0,2
en,hansard_bill-567,"1,3",0|2|1|0|2,1|2|1|0|0,165|166|167|168|132,batch_10,hansard_bill,0,2,0,1
en,hansard_bill-567,"2,3",1|1|0|0|1,0|2|1|0|1,165|166|167|168|132,batch_10,hansard_bill,1,1,0,1
en,hansard_bill-705,"0,2",0|1|2|0|0,1|0|1|1|1,145|146|147|148|72,batch_3,hansard_bill,0,0,1,1
en,hansard_bill-705,"1,0",0|1|0|0|0,2|1|2|2|2,145|146|147|148|72,batch_3,hansard_bill,0,1,2,2
en,hansard_bill-705,"1,3",2|1|2|1|2,2|2|0|2|2,145|146|147|148|72,batch_3,hansard_bill,2,2,2,2
en,hansard_bill-705,"3,2",1|2|2|2|0,0|2|1|1|2,145|146|147|148|72,batch_3,hansard_bill,2,2,0,0
en,hansard_bill-708,"0,1",2|0|0|0|0,2|0|0|1|2,149|150|151|152|72,batch_9,hansard_bill,0,2,0,2
en,hansard_bill-708,"2,0",1|0|2|0|2,1|2|0|1|1,149|150|151|152|72,batch_9,hansard_bill,0,2,1,1
en,hansard_bill-708,"2,3",1|1|1|1|2,1|1|0|1|1,149|150|151|152|72,batch_9,hansard_bill,1,1,1,1
en,hansard_bill-708,"3,1",2|0|2|0|1,2|1|0|2|2,149|150|151|152|72,batch_9,hansard_bill,0,2,2,2
en,hansard_bill-825,"0,1",2|2|0|2|2,1|0|1|2|1,137|138|139|140|4,batch_1,hansard_bill,2,2,1,1
en,hansard_bill-825,"2,0",1|1|2|0|1,0|0|0|0|2,137|138|139|140|4,batch_1,hansard_bill,1,1,0,2
en,hansard_bill-825,"3,1",2|2|0|2|2,1|2|1|2|1,137|138|139|140|4,batch_1,hansard_bill,2,2,1,1
en,hansard_bill-825,"3,2",2|1|0|2|2,2|2|1|2|2,137|138|139|140|4,batch_1,hansard_bill,2,2,2,2
en,hansard_bill-85,"1,0",1|1|0|0|0,0|1|1|2|0,165|166|167|168|72,batch_10,hansard_bill,0,1,0,1
en,hansard_bill-85,"1,3",1|1|2|2|1,1|1|1|0|2,165|166|167|168|72,batch_10,hansard_bill,1,1,1,1
en,hansard_bill-85,"2,0",1|1|0|2|0,0|1|1|2|0,165|166|167|168|72,batch_10,hansard_bill,0,1,0,1
en,hansard_bill-85,"2,3",1|1|1|2|1,0|1|0|0|1,165|166|167|168|72,batch_10,hansard_bill,1,1,0,1
en,hansard_bill-850,"1,0",0|1|1|1|1,1|1|1|1|2,133|134|135|136|4,batch_6,hansard_bill,1,1,1,1
en,hansard_bill-850,"1,3",1|0|1|1|1,0|1|1|1|1,133|134|135|136|4,batch_6,hansard_bill,1,1,1,1
en,hansard_bill-850,"2,0",1|1|1|1|1,2|1|0|1|1,133|134|135|136|4,batch_6,hansard_bill,1,1,1,1
en,hansard_bill-850,"3,2",1|2|2|2|2,2|2|2|2|2,133|134|135|136|4,batch_6,hansard_bill,2,2,2,2
en,hansard_bill-951,"0,1",2|0|2|2|2,2|2|2|0|0,157|158|159|160|4,batch_7,hansard_bill,2,2,2,2
en,hansard_bill-951,"1,3",1|1|0|1|1,1|1|1|1|1,157|158|159|160|4,batch_7,hansard_bill,1,1,1,1
en,hansard_bill-951,"2,0",1|0|0|0|1,1|1|1|0|1,157|158|159|160|4,batch_7,hansard_bill,0,1,1,1
en,hansard_bill-951,"2,3",1|1|1|1|1,1|1|1|1|1,157|158|159|160|4,batch_7,hansard_bill,1,1,1,1
en,hansard_bill-983,"0,1",1|0|1|1|1,0|0|1|1|1,153|154|155|156|132,batch_4,hansard_bill,1,1,1,1
en,hansard_bill-983,"0,2",1|2|0|1|1,1|0|0|2|2,153|154|155|156|132,batch_4,hansard_bill,1,1,0,2
en,hansard_bill-983,"3,1",1|1|1|1|1,0|1|0|0|0,153|154|155|156|132,batch_4,hansard_bill,1,1,0,1
en,hansard_bill-983,"3,2",0|2|1|0|1,0|0|2|2|2,153|154|155|156|132,batch_4,hansard_bill,0,1,2,2
en,hansard_bill-984,"0,1",1|1|2|1|1,1|0|0|1|1,133|134|135|136|132,batch_6,hansard_bill,1,1,1,1
en,hansard_bill-984,"0,2",0|2|1|2|2,0|2|1|0|2,133|134|135|136|132,batch_6,hansard_bill,2,2,0,2
en,hansard_bill-984,"3,1",2|0|1|1|1,2|0|0|1|0,133|134|135|136|132,batch_6,hansard_bill,1,1,0,0
en,hansard_bill-984,"3,2",1|0|2|0|2,1|2|2|0|2,133|134|135|136|132,batch_6,hansard_bill,0,2,2,2
en,hansard_bill-997,"0,1",1|2|0|1|1,2|1|0|1|1,137|138|139|140|132,batch_1,hansard_bill,1,1,1,1
en,hansard_bill-997,"0,2",2|2|0|1|0,2|0|0|1|0,137|138|139|140|132,batch_1,hansard_bill,0,2,0,0
en,hansard_bill-997,"1,3",2|0|0|1|2,2|0|0|2|0,137|138|139|140|132,batch_1,hansard_bill,0,2,0,2
en,hansard_bill-997,"3,2",1|0|0|2|2,1|0|2|1|2,137|138|139|140|132,batch_1,hansard_bill,0,2,0,0
